product_name,category,review_title,review_text,rating,review_date,verified,full_review,clean_review,vader_score,vader_sentiment,rating_sentiment
Berrykey Hawaiian Shirt,fashion,big size not cotton,Not cotton,1.0,2025-06-19,yes,big size not cotton Not cotton,big size not cotton Not cotton,0.0,neutral,negative
Berrykey Hawaiian Shirt,fashion,Not satisfied,The material is bad.not what I expected,1.0,2025-06-13,yes,Not satisfied The material is bad.not what I expected,Not satisfied The material is bad.not what I expected,-0.3252,negative,negative
Berrykey Hawaiian Shirt,fashion,I like it,It is okay,5.0,2025-05-12,yes,I like it It is okay,I like it It is okay,0.5267,positive,positive
Berrykey Hawaiian Shirt,fashion,I like it,The quality is good. It's worth the price,5.0,2025-04-22,yes,I like it The quality is good. It's worth the price,I like it The quality is good. It's worth the price,0.743,positive,positive
Berrykey Hawaiian Shirt,fashion,good,Good,5.0,2025-01-27,yes,good Good,good Good,0.7003,positive,positive
Berrykey Hawaiian Shirt,fashion,quality of the fabric is poor,The size is extra big for the small size..then use better quality material,2.0,2024-10-03,yes,quality of the fabric is poor The size is extra big for the small size..then use better quality material,quality of the fabric is poor The size is extra big for the small size..then use better quality material,-0.0516,negative,negative
Berrykey Hawaiian Shirt,fashion,"size ,material",Nice and well prepared,5.0,2024-09-17,yes,"size ,material Nice and well prepared","size ,material Nice and well prepared",0.7003,positive,positive
Berrykey Hawaiian Shirt,fashion,Shirt,Good material but take a smaller size,5.0,2024-09-06,yes,Shirt Good material but take a smaller size,Shirt Good material but take a smaller size,0.2382,positive,positive
Berrykey Hawaiian Shirt,fashion,ok,Ok,3.0,2024-08-09,yes,ok Ok,ok Ok,0.5267,positive,neutral
Berrykey Hawaiian Shirt,fashion,shirt,It's nice,5.0,2024-07-22,yes,shirt It's nice,shirt It's nice,0.4215,positive,positive
Sonar stainless steel electric kettle,appliances,Love it,So far so good just as ordered,4.0,2025-06-20,yes,Love it So far so good just as ordered,Love it So far so good just as ordered,0.8508,positive,positive
Sonar stainless steel electric kettle,appliances,worthy,Boils fast,5.0,2025-06-20,yes,worthy Boils fast,worthy Boils fast,0.4404,positive,positive
Sonar stainless steel electric kettle,appliances,Value for your money.,Long cord. Boils fast. No noise. Fast delivery.,5.0,2025-06-19,yes,Value for your money. Long cord. Boils fast. No noise. Fast delivery.,Value for your money. Long cord. Boils fast. No noise. Fast delivery.,0.0516,positive,positive
Sonar stainless steel electric kettle,appliances,kettle,"It's very nice, warms water for just 5 mns and it reaches boiling point",5.0,2025-06-19,yes,"kettle It's very nice, warms water for just 5 mns and it reaches boiling point","kettle It's very nice, warms water for just 5 mns and it reaches boiling point",0.688,positive,positive
Sonar stainless steel electric kettle,appliances,It's awesome,Most affordable electric kettle????????????,4.0,2025-06-19,yes,It's awesome Most affordable electric kettle????????????,It's awesome Most affordable electric kettle????????????,0.7236,positive,positive
Sonar stainless steel electric kettle,appliances,could change,please change the plugs very weak.otherwise o,3.0,2025-06-19,yes,could change please change the plugs very weak.otherwise o,could change please change the plugs very weak.otherwise o,0.3182,positive,neutral
Sonar stainless steel electric kettle,appliances,10/10,Am enjoying it,5.0,2025-06-18,yes,10/10 Am enjoying it,10/10 Am enjoying it,0.5267,positive,positive
Sonar stainless steel electric kettle,appliances,its faster,Faster,5.0,2025-06-18,yes,its faster Faster,its faster Faster,0.0,neutral,positive
Sonar stainless steel electric kettle,appliances,stick it together,Adding the power cord,4.0,2025-06-18,yes,stick it together Adding the power cord,stick it together Adding the power cord,0.0,neutral,positive
Sonar stainless steel electric kettle,appliances,Good,Short time taken,5.0,2025-06-18,yes,Good Short time taken,Good Short time taken,0.4404,positive,positive
ASHION Fashion Casual Baseball Sweatshirt,fashion,average,it's okay for the price,3.0,2025-05-05,yes,average it's okay for the price,average it's okay for the price,0.2263,positive,neutral
ASHION Fashion Casual Baseball Sweatshirt,fashion,pooooor,Fake,1.0,2024-12-18,yes,pooooor Fake,pooooor Fake,-0.4767,negative,negative
ASHION Fashion Casual Baseball Sweatshirt,fashion,good quality,Good packaged,5.0,2024-12-11,yes,good quality Good packaged,good quality Good packaged,0.7003,positive,positive
ASHION Fashion Casual Baseball Sweatshirt,fashion,I loved it,Its fantastic,5.0,2024-12-09,yes,I loved it Its fantastic,I loved it Its fantastic,0.8176,positive,positive
ASHION Fashion Casual Baseball Sweatshirt,fashion,I like it.,Their products met my expectations.,5.0,2024-11-15,yes,I like it. Their products met my expectations.,I like it. Their products met my expectations.,0.3612,positive,positive
Official Trouser Pant,fashion,wrong order,I ordered a black one but didn't get it,3.0,2024-10-30,yes,wrong order I ordered a black one but didn't get it,wrong order I ordered a black one but didn't get it,-0.2617,negative,neutral
Official Trouser Pant,fashion,Trouser pant black slim fit office wear,"Good quality, fitting well a ccording to size selected",5.0,2024-08-13,yes,"Trouser pant black slim fit office wear Good quality, fitting well a ccording to size selected","Trouser pant black slim fit office wear Good quality, fitting well a ccording to size selected",0.7579,positive,positive
Official Trouser Pant,fashion,I love it,Very good item,5.0,2024-08-07,yes,I love it Very good item,I love it Very good item,0.8122,positive,positive
Official Trouser Pant,fashion,nice one,Can feel light if you are not used to these type,5.0,2024-07-08,yes,nice one Can feel light if you are not used to these type,nice one Can feel light if you are not used to these type,0.4215,positive,positive
Official Trouser Pant,fashion,I like it,Was awesome,5.0,2024-05-27,yes,I like it Was awesome,I like it Was awesome,0.765,positive,positive
Official Trouser Pant,fashion,good,Perfect ????????,5.0,2024-05-13,yes,good Perfect ????????,good Perfect ????????,0.8205,positive,positive
Official Trouser Pant,fashion,Trouser,Somehow better,3.0,2024-03-19,yes,Trouser Somehow better,Trouser Somehow better,0.4404,positive,neutral
Official Trouser Pant,fashion,I KINDA LIKED IT,TOO BAGGY BUT GOOD,5.0,2024-03-05,yes,I KINDA LIKED IT TOO BAGGY BUT GOOD,I KINDA LIKED IT TOO BAGGY BUT GOOD,0.6812,positive,positive
Official Trouser Pant,fashion,Not fully satisfied,It's too bulky below the knees. Had to incur other cost. When you say it's fit in let it be so,3.0,2024-02-01,yes,Not fully satisfied It's too bulky below the knees. Had to incur other cost. When you say it's fit in let it be so,Not fully satisfied It's too bulky below the knees. Had to incur other cost. When you say it's fit in let it be so,-0.0126,neutral,neutral
Official Trouser Pant,fashion,sub standard,It's not of quality,1.0,2023-12-18,yes,sub standard It's not of quality,sub standard It's not of quality,0.0,neutral,negative
Elastic Belt Corset,fashion,perfectly,serves it's purpose so well,5.0,2025-02-17,yes,perfectly serves it's purpose so well,perfectly serves it's purpose so well,0.787,positive,positive
Elastic Belt Corset,fashion,not satisfied,"Doesn't fit the whole torso
Divides tummy into two and had lose strap",1.0,2024-12-23,yes,"not satisfied Doesn't fit the whole torso
Divides tummy into two and had lose strap",not satisfied Doesn't fit the whole torso Divides tummy into two and had lose strap,-0.4957,negative,negative
Elastic Belt Corset,fashion,Its good,Can't complain,5.0,2024-12-13,yes,Its good Can't complain,Its good Can't complain,0.6136,positive,positive
Elastic Belt Corset,fashion,Like it,Like ????,4.0,2024-12-02,yes,Like it Like ????,Like it Like ????,0.7149,positive,positive
Elastic Belt Corset,fashion,Very Comfortable,It's comfortable while wearing while going out,3.0,2024-11-15,yes,Very Comfortable It's comfortable while wearing while going out,Very Comfortable It's comfortable while wearing while going out,0.7996,positive,neutral
Elastic Belt Corset,fashion,Belt,Perfect,5.0,2024-11-12,yes,Belt Perfect,Belt Perfect,0.5719,positive,positive
Elastic Belt Corset,fashion,quality,Its a nice product,4.0,2024-11-08,yes,quality Its a nice product,quality Its a nice product,0.4215,positive,positive
Elastic Belt Corset,fashion,good,It's okayy,4.0,2024-09-10,yes,good It's okayy,good It's okayy,0.4404,positive,positive
Elastic Belt Corset,fashion,I like it,Perfect,5.0,2024-09-09,yes,I like it Perfect,I like it Perfect,0.7351,positive,positive
Elastic Belt Corset,fashion,Great,good quality,5.0,2024-08-14,yes,Great good quality,Great good quality,0.7906,positive,positive
Machislet Bodycon Dress Shift,fashion,unique and stretchy,Unique and stretchy,5.0,2025-06-19,yes,unique and stretchy Unique and stretchy,unique and stretchy Unique and stretchy,0.0,neutral,positive
Machislet Bodycon Dress Shift,fashion,dress,The best I recommend it,4.0,2025-06-09,yes,dress The best I recommend it,dress The best I recommend it,0.7717,positive,positive
Machislet Bodycon Dress Shift,fashion,material,"The material is good,, stretches well.
I love it.... Packaging on fleek.. delivery was faster..",5.0,2025-05-27,yes,"material The material is good,, stretches well.
I love it.... Packaging on fleek.. delivery was faster..","material The material is good,, stretches well. I love it.... Packaging on fleek.. delivery was faster..",0.743,positive,positive
Machislet Bodycon Dress Shift,fashion,lovely dresss,Love love,4.0,2025-05-19,yes,lovely dresss Love love,lovely dresss Love love,0.9217,positive,positive
Machislet Bodycon Dress Shift,fashion,I like it,Fits so well..just advertised,4.0,2025-05-05,yes,I like it Fits so well..just advertised,I like it Fits so well..just advertised,0.3612,positive,positive
Machislet Bodycon Dress Shift,fashion,good,Great material,4.0,2025-05-02,yes,good Great material,good Great material,0.7906,positive,positive
Machislet Bodycon Dress Shift,fashion,good dress . she liked it,Nice,4.0,2025-04-28,yes,good dress . she liked it Nice,good dress . she liked it Nice,0.8176,positive,positive
Machislet Bodycon Dress Shift,fashion,review,The design,5.0,2025-04-24,yes,review The design,review The design,0.0,neutral,positive
Machislet Bodycon Dress Shift,fashion,Nice,Exactly as it is on the picture,5.0,2025-03-17,yes,Nice Exactly as it is on the picture,Nice Exactly as it is on the picture,0.4215,positive,positive
Machislet Bodycon Dress Shift,fashion,Great dress,Good quality,5.0,2025-03-03,yes,Great dress Good quality,Great dress Good quality,0.7906,positive,positive
High Waist Jeans Body Shape,fashion,High Waist jeans Body Shape,Exact what I ordered,4.0,2025-01-31,yes,High Waist jeans Body Shape Exact what I ordered,High Waist jeans Body Shape Exact what I ordered,0.0,neutral,positive
High Waist Jeans Body Shape,fashion,love it,Nice,5.0,2024-09-02,yes,love it Nice,love it Nice,0.7906,positive,positive
High Waist Jeans Body Shape,fashion,supper n exactly what i ordered for,Just what I wanted,5.0,2022-08-11,yes,supper n exactly what i ordered for Just what I wanted,supper n exactly what i ordered for Just what I wanted,0.0,neutral,positive
High Waist Jeans Body Shape,fashion,They’re ok,They’re good.,4.0,2022-05-11,yes,They’re ok They’re good.,They’re ok They’re good.,0.6249,positive,positive
High Waist Jeans Body Shape,fashion,place to be,Jumia is the best place you can buy anything  you  want,5.0,2021-12-14,yes,place to be Jumia is the best place you can buy anything  you  want,place to be Jumia is the best place you can buy anything  you  want,0.6705,positive,positive
High Waist Jeans Body Shape,fashion,Great,awesome,5.0,2020-12-14,yes,Great awesome,Great awesome,0.8481,positive,positive
Seamless Shapewear Bodysuit,fashion,Bodysuit,It doesn't work it's just like a vest????,2.0,2025-04-22,yes,Bodysuit It doesn't work it's just like a vest????,Bodysuit It doesn't work it's just like a vest????,0.5362,positive,negative
Seamless Shapewear Bodysuit,fashion,Doesnt Hold,"Too loose, doesn't hold anything",3.0,2024-12-23,yes,"Doesnt Hold Too loose, doesn't hold anything","Doesnt Hold Too loose, doesn't hold anything",0.2411,positive,neutral
Seamless Shapewear Bodysuit,fashion,Not the best,Don't like material,1.0,2024-12-02,yes,Not the best Don't like material,Not the best Don't like material,-0.6681,negative,negative
Seamless Shapewear Bodysuit,fashion,amazing,Very nice and comfortable,5.0,2024-11-15,yes,amazing Very nice and comfortable,amazing Very nice and comfortable,0.8874,positive,positive
Seamless Shapewear Bodysuit,fashion,Review,It losses elasticity so quick,3.0,2024-11-08,yes,Review It losses elasticity so quick,Review It losses elasticity so quick,-0.4019,negative,neutral
Mateamoda Women Shoes Sandals Heels,fashion,ilike them they are beautiful,I can send my pic wearing them,1.0,2025-06-16,yes,ilike them they are beautiful I can send my pic wearing them,ilike them they are beautiful I can send my pic wearing them,0.5994,positive,negative
Mateamoda Women Shoes Sandals Heels,fashion,I don't like it,Fragile making,2.0,2025-06-12,yes,I don't like it Fragile making,I don't like it Fragile making,-0.2755,negative,negative
Mateamoda Women Shoes Sandals Heels,fashion,I like it but,"If you have to buy these heels, kindly take a size bigger because the heel is a smaller fitting.",5.0,2025-05-07,yes,"I like it but If you have to buy these heels, kindly take a size bigger because the heel is a smaller fitting.","I like it but If you have to buy these heels, kindly take a size bigger because the heel is a smaller fitting.",0.7227,positive,positive
Mateamoda Women Shoes Sandals Heels,fashion,Good,They are as the picture,5.0,2025-05-05,yes,Good They are as the picture,Good They are as the picture,0.4404,positive,positive
Mateamoda Women Shoes Sandals Heels,fashion,classy,They are of good quality,5.0,2025-04-22,yes,classy They are of good quality,classy They are of good quality,0.7003,positive,positive
Mateamoda Women Shoes Sandals Heels,fashion,goodvone,"Its best, what you order is what you get",5.0,2025-04-11,yes,"goodvone Its best, what you order is what you get","goodvone Its best, what you order is what you get",0.6369,positive,positive
Mateamoda Women Shoes Sandals Heels,fashion,I love it,Good quality,5.0,2025-04-04,yes,I love it Good quality,I love it Good quality,0.7964,positive,positive
Mateamoda Women Shoes Sandals Heels,fashion,absolutely perfect,Exactly what I expected,5.0,2025-03-28,yes,absolutely perfect Exactly what I expected,absolutely perfect Exactly what I expected,0.6115,positive,positive
Mateamoda Women Shoes Sandals Heels,fashion,nice product,Product was delivered perfectly just what I expected,5.0,2025-03-27,yes,nice product Product was delivered perfectly just what I expected,nice product Product was delivered perfectly just what I expected,0.7906,positive,positive
Mateamoda Women Shoes Sandals Heels,fashion,ladies sandals,I got exactly what I anticipated while ordering them,5.0,2025-02-20,yes,ladies sandals I got exactly what I anticipated while ordering them,ladies sandals I got exactly what I anticipated while ordering them,0.0,neutral,positive
ALagzi 2025 Mens Casual High-Top Shoes,fashion,real,"Shouting ,so amazing",5.0,2025-06-16,yes,"real Shouting ,so amazing","real Shouting ,so amazing",0.7065,positive,positive
ALagzi 2025 Mens Casual High-Top Shoes,fashion,Quality,Perfect,5.0,2025-06-12,yes,Quality Perfect,Quality Perfect,0.5719,positive,positive
ALagzi 2025 Mens Casual High-Top Shoes,fashion,material,Comfortable,5.0,2025-05-21,yes,material Comfortable,material Comfortable,0.5106,positive,positive
ALagzi 2025 Mens Casual High-Top Shoes,fashion,torn out day one,Torn out day one,2.0,2025-05-19,yes,torn out day one Torn out day one,torn out day one Torn out day one,-0.4588,negative,negative
ALagzi 2025 Mens Casual High-Top Shoes,fashion,nice one ever,Best quality,5.0,2025-05-16,yes,nice one ever Best quality,nice one ever Best quality,0.7906,positive,positive
ALagzi 2025 Mens Casual High-Top Shoes,fashion,I love it,The best boots designed for all wether,5.0,2025-04-22,yes,I love it The best boots designed for all wether,I love it The best boots designed for all wether,0.8555,positive,positive
ALagzi 2025 Mens Casual High-Top Shoes,fashion,Sneakers best,The color and the final product is just amazing,5.0,2025-04-16,yes,Sneakers best The color and the final product is just amazing,Sneakers best The color and the final product is just amazing,0.8402,positive,positive
ALagzi 2025 Mens Casual High-Top Shoes,fashion,I love It,I Love it,5.0,2025-04-14,yes,I love It I Love it,I love It I Love it,0.8555,positive,positive
ALagzi 2025 Mens Casual High-Top Shoes,fashion,yes,Better but low quantity product,3.0,2025-03-25,yes,yes Better but low quantity product,yes Better but low quantity product,0.0387,neutral,neutral
VON VRT-195DRHS Double Door Direct Cool,appliances,It’s silent you can’t tell if it’s on,Fitted perfectly in my kitchen,5.0,2025-06-17,yes,It’s silent you can’t tell if it’s on Fitted perfectly in my kitchen,It’s silent you can’t tell if it’s on Fitted perfectly in my kitchen,0.6369,positive,positive
VON VRT-195DRHS Double Door Direct Cool,appliances,Von-VRR-195RHS,"So far working fine, no trouble. It has some noise that's non-uniform from the freezer compartment, but I am still using it, I am not sure if that is something to worry about in the long run.",5.0,2025-06-16,yes,"Von-VRR-195RHS So far working fine, no trouble. It has some noise that's non-uniform from the freezer compartment, but I am still using it, I am not sure if that is something to worry about in the long run.","Von-VRR-195RHS So far working fine, no trouble. It has some noise that's non-uniform from the freezer compartment, but I am still using it, I am not sure if that is something to worry about in the long run.",-0.8026,negative,positive
VON VRT-195DRHS Double Door Direct Cool,appliances,Von is it!,I actually love it. Has zero noise. Delivery was so in time (mind you im in kakamega). Its worth every penny of your savings!,5.0,2025-06-09,yes,Von is it! I actually love it. Has zero noise. Delivery was so in time (mind you im in kakamega). Its worth every penny of your savings!,Von is it! I actually love it. Has zero noise. Delivery was so in time (mind you im in kakamega). Its worth every penny of your savings!,0.7707,positive,positive
VON VRT-195DRHS Double Door Direct Cool,appliances,Amazing product,The best and no noise and so spacious and I love the colour,5.0,2025-06-09,yes,Amazing product The best and no noise and so spacious and I love the colour,Amazing product The best and no noise and so spacious and I love the colour,0.9055,positive,positive
VON VRT-195DRHS Double Door Direct Cool,appliances,perfect buy,large freezer storage...and it is efficient and pretty❤️❤️❤️ we love it,5.0,2025-06-05,yes,perfect buy large freezer storage...and it is efficient and pretty❤️❤️❤️ we love it,perfect buy large freezer storage...and it is efficient and pretty❤️❤️❤️ we love it,0.8934,positive,positive
VON VRT-195DRHS Double Door Direct Cool,appliances,Nice product,"Nice product,no noise",5.0,2025-06-03,yes,"Nice product Nice product,no noise","Nice product Nice product,no noise",0.6808,positive,positive
VON VRT-195DRHS Double Door Direct Cool,appliances,von 195l,Freezer space,5.0,2025-06-03,yes,von 195l Freezer space,von 195l Freezer space,0.0,neutral,positive
VON VRT-195DRHS Double Door Direct Cool,appliances,i liked it,fast delivery,4.0,2025-06-03,yes,i liked it fast delivery,i liked it fast delivery,0.4215,positive,positive
VON VRT-195DRHS Double Door Direct Cool,appliances,happy,"B4 ordering the product I always go through the comments coz it helps me make the decision whether to buy it or not...if u come across this one....
My friend u will love the product....its been a week and so far so go....100% recommend",5.0,2025-06-03,yes,"happy B4 ordering the product I always go through the comments coz it helps me make the decision whether to buy it or not...if u come across this one....
My friend u will love the product....its been a week and so far so go....100% recommend",happy B4 ordering the product I always go through the comments coz it helps me make the decision whether to buy it or not...if u come across this one.... My friend u will love the product....its been a week and so far so go....100% recommend,0.9475,positive,positive
VON VRT-195DRHS Double Door Direct Cool,appliances,comment,"fast delivery.good product,working perfectly well.spacious freezing compartment.",5.0,2025-05-30,yes,"comment fast delivery.good product,working perfectly well.spacious freezing compartment.","comment fast delivery.good product,working perfectly well.spacious freezing compartment.",0.5859,positive,positive
Ramtons RM/458 - Digital Glass Microwave,appliances,Quality,The product looks good.A day in use and it's working well.Monitoring this so as to buy another one and gift a friend.,5.0,2025-06-19,yes,Quality The product looks good.A day in use and it's working well.Monitoring this so as to buy another one and gift a friend.,Quality The product looks good.A day in use and it's working well.Monitoring this so as to buy another one and gift a friend.,0.7269,positive,positive
Ramtons RM/458 - Digital Glass Microwave,appliances,Used it for a week now and it's good,Working well!,5.0,2025-06-19,yes,Used it for a week now and it's good Working well!,Used it for a week now and it's good Working well!,0.6476,positive,positive
Ramtons RM/458 - Digital Glass Microwave,appliances,I Love it,Definetly recommend this brand it works really well also very stylish addition to the kitchen!,5.0,2025-06-13,yes,I Love it Definetly recommend this brand it works really well also very stylish addition to the kitchen!,I Love it Definetly recommend this brand it works really well also very stylish addition to the kitchen!,0.855,positive,positive
Ramtons RM/458 - Digital Glass Microwave,appliances,I Like it,Works perfectly well... I recommend it any time any day,4.0,2025-06-10,yes,I Like it Works perfectly well... I recommend it any time any day,I Like it Works perfectly well... I recommend it any time any day,0.8481,positive,positive
Ramtons RM/458 - Digital Glass Microwave,appliances,Liiike!!,Good buy ...,4.0,2025-06-09,yes,Liiike!! Good buy ...,Liiike!! Good buy ...,0.5399,positive,positive
Ramtons RM/458 - Digital Glass Microwave,appliances,amazing,"The product is just as advertised, fast delivery and is very silent. Would recommend",5.0,2025-06-09,yes,"amazing The product is just as advertised, fast delivery and is very silent. Would recommend","amazing The product is just as advertised, fast delivery and is very silent. Would recommend",0.7624,positive,positive
Ramtons RM/458 - Digital Glass Microwave,appliances,Good,Make the wire cord longer,5.0,2025-06-05,yes,Good Make the wire cord longer,Good Make the wire cord longer,0.4404,positive,positive
Ramtons RM/458 - Digital Glass Microwave,appliances,it works,It works well,4.0,2025-06-05,yes,it works It works well,it works It works well,0.2732,positive,positive
Ramtons RM/458 - Digital Glass Microwave,appliances,power,"It's good, only that its power is a bit low. It takes longer to heat up food/drinks",4.0,2025-05-30,yes,"power It's good, only that its power is a bit low. It takes longer to heat up food/drinks","power It's good, only that its power is a bit low. It takes longer to heat up food/drinks",0.2023,positive,positive
Ramtons RM/458 - Digital Glass Microwave,appliances,I like it,It’s what I always wanted,4.0,2025-05-27,yes,I like it It’s what I always wanted,I like it It’s what I always wanted,0.3612,positive,positive
VON VALS-75BWY Twin Tub Washing Machine,appliances,Honestly it's just okay for middle class..,It's awesome it does the work. I was abit worried kama itangarisha nguo. it's affordable and work very fine...,4.0,2025-06-19,yes,Honestly it's just okay for middle class.. It's awesome it does the work. I was abit worried kama itangarisha nguo. it's affordable and work very fine...,Honestly it's just okay for middle class.. It's awesome it does the work. I was abit worried kama itangarisha nguo. it's affordable and work very fine...,0.7783,positive,positive
VON VALS-75BWY Twin Tub Washing Machine,appliances,Washing Machine,It works well. No back and forth.. at least no more stress.,5.0,2025-06-18,yes,Washing Machine It works well. No back and forth.. at least no more stress.,Washing Machine It works well. No back and forth.. at least no more stress.,-0.659,negative,positive
VON VALS-75BWY Twin Tub Washing Machine,appliances,The product is good,Like it thanks ????,5.0,2025-06-18,yes,The product is good Like it thanks ????,The product is good Like it thanks ????,0.8504,positive,positive
VON VALS-75BWY Twin Tub Washing Machine,appliances,I like it,It works soo nice,5.0,2025-06-17,yes,I like it It works soo nice,I like it It works soo nice,0.6486,positive,positive
VON VALS-75BWY Twin Tub Washing Machine,appliances,Washing machine,The package performs well,5.0,2025-06-17,yes,Washing machine The package performs well,Washing machine The package performs well,0.2732,positive,positive
VON VALS-75BWY Twin Tub Washing Machine,appliances,not bad,Works well only downside is the fact that It did not come with the water filter as Von should,4.0,2025-06-16,yes,not bad Works well only downside is the fact that It did not come with the water filter as Von should,not bad Works well only downside is the fact that It did not come with the water filter as Von should,0.0093,neutral,positive
VON VALS-75BWY Twin Tub Washing Machine,appliances,its the best choice to make,it is friendly in terms of power consumption and in laundry,5.0,2025-06-16,yes,its the best choice to make it is friendly in terms of power consumption and in laundry,its the best choice to make it is friendly in terms of power consumption and in laundry,0.8126,positive,positive
VON VALS-75BWY Twin Tub Washing Machine,appliances,iko freshi,Iko tu sawa,5.0,2025-06-16,yes,iko freshi Iko tu sawa,iko freshi Iko tu sawa,0.0,neutral,positive
VON VALS-75BWY Twin Tub Washing Machine,appliances,its very nice,"It saves power,",5.0,2025-06-13,yes,"its very nice It saves power,","its very nice It saves power,",0.4754,positive,positive
VON VALS-75BWY Twin Tub Washing Machine,appliances,Nice & Lovely!!!,Nice & Lovely!!!,5.0,2025-06-12,yes,Nice & Lovely!!! Nice & Lovely!!!,Nice & Lovely!!! Nice & Lovely!!!,0.9368,positive,positive
ElectroMate Dry Iron Box,appliances,Its good,Its fantastic works,5.0,2025-06-19,yes,Its good Its fantastic works,Its good Its fantastic works,0.7579,positive,positive
ElectroMate Dry Iron Box,appliances,timely deliverly,Timely delivery,5.0,2025-06-17,yes,timely deliverly Timely delivery,timely deliverly Timely delivery,0.0,neutral,positive
ElectroMate Dry Iron Box,appliances,Good,It does not overheat.,5.0,2025-06-16,yes,Good It does not overheat.,Good It does not overheat.,0.4404,positive,positive
ElectroMate Dry Iron Box,appliances,easy to use,"I just love it ???? simple ???? 
it's really good. and it cools down the heat when it gets too  hot",5.0,2025-06-16,yes,"easy to use I just love it ???? simple ???? 
it's really good. and it cools down the heat when it gets too  hot",easy to use I just love it ???? simple ????  it's really good. and it cools down the heat when it gets too  hot,0.9053,positive,positive
ElectroMate Dry Iron Box,appliances,I love it.. functioning  well.,The product is functioning well and it's  easy to regulate  based on the materials of the fabric. The power cord is slightly short  but can serve the purpose intended.,5.0,2025-06-13,yes,I love it.. functioning  well. The product is functioning well and it's  easy to regulate  based on the materials of the fabric. The power cord is slightly short  but can serve the purpose intended.,I love it.. functioning  well. The product is functioning well and it's  easy to regulate  based on the materials of the fabric. The power cord is slightly short  but can serve the purpose intended.,0.6858,positive,positive
ElectroMate Dry Iron Box,appliances,its just advertised,Arrived on time,5.0,2025-06-13,yes,its just advertised Arrived on time,its just advertised Arrived on time,0.0,neutral,positive
ElectroMate Dry Iron Box,appliances,good cheap offer,good for the price and okay,5.0,2025-06-12,yes,good cheap offer good for the price and okay,good cheap offer good for the price and okay,0.7717,positive,positive
ElectroMate Dry Iron Box,appliances,Well wrapped,"So far so good,",4.0,2025-06-12,yes,"Well wrapped So far so good,","Well wrapped So far so good,",0.7328,positive,positive
ElectroMate Dry Iron Box,appliances,The cable is too short improve on it .,Increase the cable wire,2.0,2025-06-11,yes,The cable is too short improve on it . Increase the cable wire,The cable is too short improve on it . Increase the cable wire,0.6369,positive,negative
ElectroMate Dry Iron Box,appliances,I like it,Good quality,5.0,2025-06-11,yes,I like it Good quality,I like it Good quality,0.6597,positive,positive
Rashnik RN-2451B Hot And Normal Stand Alone Dispenser,appliances,I like it.,It is simple to operate and works perfectly fine.,5.0,2025-06-20,yes,I like it. It is simple to operate and works perfectly fine.,I like it. It is simple to operate and works perfectly fine.,0.8176,positive,positive
Rashnik RN-2451B Hot And Normal Stand Alone Dispenser,appliances,It’s rather small.,It’s rather small,2.0,2025-06-19,yes,It’s rather small. It’s rather small,It’s rather small. It’s rather small,0.0,neutral,negative
Rashnik RN-2451B Hot And Normal Stand Alone Dispenser,appliances,Met expectations,Met expectations. Fairly priced.,5.0,2025-06-13,yes,Met expectations Met expectations. Fairly priced.,Met expectations Met expectations. Fairly priced.,0.0,neutral,positive
Rashnik RN-2451B Hot And Normal Stand Alone Dispenser,appliances,working well,"Ensure transporting it carefully, it was  somehow scratched",5.0,2025-06-13,yes,"working well Ensure transporting it carefully, it was  somehow scratched","working well Ensure transporting it carefully, it was  somehow scratched",0.6369,positive,positive
Rashnik RN-2451B Hot And Normal Stand Alone Dispenser,appliances,Works well. I like it,Lightweight but serves its purpose,5.0,2025-06-03,yes,Works well. I like it Lightweight but serves its purpose,Works well. I like it Lightweight but serves its purpose,0.3182,positive,positive
Rashnik RN-2451B Hot And Normal Stand Alone Dispenser,appliances,I like the product,"The packaging is nice
Qiuck delivery
Good quality",5.0,2025-05-08,yes,"I like the product The packaging is nice
Qiuck delivery
Good quality",I like the product The packaging is nice Qiuck delivery Good quality,0.802,positive,positive
Rashnik RN-2451B Hot And Normal Stand Alone Dispenser,appliances,Not perfect,"Does not make water hot, I'm disappointed ☹️",1.0,2025-05-06,yes,"Not perfect Does not make water hot, I'm disappointed ☹️","Not perfect Does not make water hot, I'm disappointed ☹️",-0.7268,negative,negative
Rashnik RN-2451B Hot And Normal Stand Alone Dispenser,appliances,mmmh,yap,3.0,2025-02-19,yes,mmmh yap,mmmh yap,0.0,neutral,neutral
Rashnik RN-2451B Hot And Normal Stand Alone Dispenser,appliances,so far so goood,Yeah.. if there was a cold one too,3.0,2025-02-13,yes,so far so goood Yeah.. if there was a cold one too,so far so goood Yeah.. if there was a cold one too,0.0,neutral,neutral
Rashnik RN-2451B Hot And Normal Stand Alone Dispenser,appliances,just ok,Improve on quality,4.0,2025-01-21,yes,just ok Improve on quality,just ok Improve on quality,0.6249,positive,positive
Ramtons RM/399-corded Electric Kettle,appliances,Its quality ????,It's serving the purpose,5.0,2025-06-20,yes,Its quality ???? It's serving the purpose,Its quality ???? It's serving the purpose,0.0,neutral,positive
Ramtons RM/399-corded Electric Kettle,appliances,works perfectly,This is your sign to get this electric jug,5.0,2025-06-18,yes,works perfectly This is your sign to get this electric jug,works perfectly This is your sign to get this electric jug,0.6369,positive,positive
Ramtons RM/399-corded Electric Kettle,appliances,convenient,"Heats fast, less power consumption",5.0,2025-06-18,yes,"convenient Heats fast, less power consumption","convenient Heats fast, less power consumption",0.0,neutral,positive
Ramtons RM/399-corded Electric Kettle,appliances,was not disaponted,The best ????,5.0,2025-06-18,yes,was not disaponted The best ????,was not disaponted The best ????,-0.6517,negative,positive
Ramtons RM/399-corded Electric Kettle,appliances,cable,yes the cable to be removable,3.0,2025-06-17,yes,cable yes the cable to be removable,cable yes the cable to be removable,0.4019,positive,neutral
Ramtons RM/399-corded Electric Kettle,appliances,well packed,Working  well,5.0,2025-06-17,yes,well packed Working  well,well packed Working  well,0.4939,positive,positive
Ramtons RM/399-corded Electric Kettle,appliances,I like it,Efficient,5.0,2025-06-17,yes,I like it Efficient,I like it Efficient,0.6486,positive,positive
Ramtons RM/399-corded Electric Kettle,appliances,Legit product,It's nice,5.0,2025-06-16,yes,Legit product It's nice,Legit product It's nice,0.4215,positive,positive
Ramtons RM/399-corded Electric Kettle,appliances,ramtons  electric kettle,It heats water really fast. Worth buying,5.0,2025-06-16,yes,ramtons  electric kettle It heats water really fast. Worth buying,ramtons  electric kettle It heats water really fast. Worth buying,0.2911,positive,positive
Ramtons RM/399-corded Electric Kettle,appliances,I love it,It's good,4.0,2025-06-13,yes,I love it It's good,I love it It's good,0.7964,positive,positive
Lyons YT-138 Blender 2 In 1,appliances,Satisfied,It is working as expected,4.0,2025-06-18,yes,Satisfied It is working as expected,Satisfied It is working as expected,0.4215,positive,positive
Lyons YT-138 Blender 2 In 1,appliances,good quality and cost effective,So far loving it's serving the purpose well though its noisy.i recommend it.,5.0,2025-06-17,yes,good quality and cost effective So far loving it's serving the purpose well though its noisy.i recommend it.,good quality and cost effective So far loving it's serving the purpose well though its noisy.i recommend it.,0.9297,positive,positive
Lyons YT-138 Blender 2 In 1,appliances,"i like,love it",Everything ????,5.0,2025-06-16,yes,"i like,love it Everything ????","i like,love it Everything ????",0.0,neutral,positive
Lyons YT-138 Blender 2 In 1,appliances,loved it,The best,5.0,2025-06-16,yes,loved it The best,loved it The best,0.8442,positive,positive
Lyons YT-138 Blender 2 In 1,appliances,good but it produce too much noise,the noise is too much,5.0,2025-06-13,yes,good but it produce too much noise the noise is too much,good but it produce too much noise the noise is too much,0.2382,positive,positive
Lyons YT-138 Blender 2 In 1,appliances,blender,Works perfectly,4.0,2025-06-12,yes,blender Works perfectly,blender Works perfectly,0.6369,positive,positive
Lyons YT-138 Blender 2 In 1,appliances,Great,Good as advertised,5.0,2025-06-10,yes,Great Good as advertised,Great Good as advertised,0.7906,positive,positive
Lyons YT-138 Blender 2 In 1,appliances,EFFICIENT,Works efficiently for home use...,5.0,2025-06-09,yes,EFFICIENT Works efficiently for home use...,EFFICIENT Works efficiently for home use...,0.7378,positive,positive
Lyons YT-138 Blender 2 In 1,appliances,using this machine,"It's well made that cannot spoil first ,I can recommend people to buy .but mnipatie sawadi ya fridge",5.0,2025-06-09,yes,"using this machine It's well made that cannot spoil first ,I can recommend people to buy .but mnipatie sawadi ya fridge","using this machine It's well made that cannot spoil first ,I can recommend people to buy .but mnipatie sawadi ya fridge",0.3182,positive,positive
Lyons YT-138 Blender 2 In 1,appliances,The design,It's working very smoothly,5.0,2025-06-03,yes,The design It's working very smoothly,The design It's working very smoothly,0.0,neutral,positive
AILYONS SB501 2.1CH Sound Bar SubWoofer,TVs and audios,I like it,The price matches the product.,5.0,2025-06-16,yes,I like it The price matches the product.,I like it The price matches the product.,0.3612,positive,positive
AILYONS SB501 2.1CH Sound Bar SubWoofer,TVs and audios,"perfect sound, love it",love it,5.0,2025-06-13,yes,"perfect sound, love it love it","perfect sound, love it love it",0.9201,positive,positive
AILYONS SB501 2.1CH Sound Bar SubWoofer,TVs and audios,bess,Bess,5.0,2025-06-13,yes,bess Bess,bess Bess,0.0,neutral,positive
AILYONS SB501 2.1CH Sound Bar SubWoofer,TVs and audios,quality product,Add FM radio,4.0,2025-06-12,yes,quality product Add FM radio,quality product Add FM radio,0.0,neutral,positive
AILYONS SB501 2.1CH Sound Bar SubWoofer,TVs and audios,Good,Worth the price,4.0,2025-06-09,yes,Good Worth the price,Good Worth the price,0.5859,positive,positive
AILYONS SB501 2.1CH Sound Bar SubWoofer,TVs and audios,Boom,What a machine!,5.0,2025-06-09,yes,Boom What a machine!,Boom What a machine!,0.0,neutral,positive
AILYONS SB501 2.1CH Sound Bar SubWoofer,TVs and audios,Bluetooth Connectivity,"The sound, when connected to a smart tv via Bluetooth, goes silent for short periods of time without any prompting, which is an inconvenient design/performance flaw.",3.0,2025-06-04,yes,"Bluetooth Connectivity The sound, when connected to a smart tv via Bluetooth, goes silent for short periods of time without any prompting, which is an inconvenient design/performance flaw.","Bluetooth Connectivity The sound, when connected to a smart tv via Bluetooth, goes silent for short periods of time without any prompting, which is an inconvenient design/performance flaw.",0.0772,positive,neutral
AILYONS SB501 2.1CH Sound Bar SubWoofer,TVs and audios,Good,No complaints here.,4.0,2025-05-16,yes,Good No complaints here.,Good No complaints here.,-0.25,negative,positive
AILYONS SB501 2.1CH Sound Bar SubWoofer,TVs and audios,system,Great,5.0,2025-05-12,yes,system Great,system Great,0.6249,positive,positive
AILYONS SB501 2.1CH Sound Bar SubWoofer,TVs and audios,bass is wow,"Worth the prices, it exceeded my expectations",5.0,2025-05-05,yes,"bass is wow Worth the prices, it exceeded my expectations","bass is wow Worth the prices, it exceeded my expectations",0.6908,positive,positive
Vitron V400 2.1Ch Bluetooth Speaker System,TVs and audios,good and sustainable,Its good for the amount of cash sold,4.0,2025-06-16,yes,good and sustainable Its good for the amount of cash sold,good and sustainable Its good for the amount of cash sold,0.7003,positive,positive
Vitron V400 2.1Ch Bluetooth Speaker System,TVs and audios,quicky delivery,Best model,5.0,2025-06-10,yes,quicky delivery Best model,quicky delivery Best model,0.6369,positive,positive
Vitron V400 2.1Ch Bluetooth Speaker System,TVs and audios,Amazing,Great,5.0,2025-06-10,yes,Amazing Great,Amazing Great,0.836,positive,positive
Vitron V400 2.1Ch Bluetooth Speaker System,TVs and audios,Awesome,Met my expectation,4.0,2025-06-09,yes,Awesome Met my expectation,Awesome Met my expectation,0.6249,positive,positive
Vitron V400 2.1Ch Bluetooth Speaker System,TVs and audios,I like it well delivered,Good one,4.0,2025-05-30,yes,I like it well delivered Good one,I like it well delivered Good one,0.7579,positive,positive
Vitron V400 2.1Ch Bluetooth Speaker System,TVs and audios,I like it,Excellent,5.0,2025-05-19,yes,I like it Excellent,I like it Excellent,0.7351,positive,positive
Vitron V400 2.1Ch Bluetooth Speaker System,TVs and audios,good,Always smart with good sound,5.0,2025-05-16,yes,good Always smart with good sound,good Always smart with good sound,0.8176,positive,positive
Vitron V400 2.1Ch Bluetooth Speaker System,TVs and audios,it's perfect,Very nice,5.0,2025-05-07,yes,it's perfect Very nice,it's perfect Very nice,0.7778,positive,positive
Vitron V400 2.1Ch Bluetooth Speaker System,TVs and audios,Excellent quality,I loved the product ????????,5.0,2025-05-05,yes,Excellent quality I loved the product ????????,Excellent quality I loved the product ????????,0.8611,positive,positive
Vitron V400 2.1Ch Bluetooth Speaker System,TVs and audios,I like it,It's good,5.0,2025-05-02,yes,I like it It's good,I like it It's good,0.6597,positive,positive
Itel BudsNeo 3 ANC Wireless Bluetooth Earphone,phones and tablets,superb,"Well balanced equalised bass and tone,",5.0,2025-06-20,yes,"superb Well balanced equalised bass and tone,","superb Well balanced equalised bass and tone,",0.7351,positive,positive
Itel BudsNeo 3 ANC Wireless Bluetooth Earphone,phones and tablets,battery life,Relatively good sound and great battery life,5.0,2025-06-20,yes,battery life Relatively good sound and great battery life,battery life Relatively good sound and great battery life,0.7906,positive,positive
Itel BudsNeo 3 ANC Wireless Bluetooth Earphone,phones and tablets,I love it,"You get exactly what is advertised there. My advice is this, always buy electronics from official stores because they have a warranty. The pods sre are wonderful. The bass is super abd battery is truly wonderful. Sijawahi charge. This is week 3????",5.0,2025-06-19,yes,"I love it You get exactly what is advertised there. My advice is this, always buy electronics from official stores because they have a warranty. The pods sre are wonderful. The bass is super abd battery is truly wonderful. Sijawahi charge. This is week 3????","I love it You get exactly what is advertised there. My advice is this, always buy electronics from official stores because they have a warranty. The pods sre are wonderful. The bass is super abd battery is truly wonderful. Sijawahi charge. This is week 3????",0.9655,positive,positive
Itel BudsNeo 3 ANC Wireless Bluetooth Earphone,phones and tablets,Battery life,are they not supposed to be charged? my third week without charging now ????????,5.0,2025-06-17,yes,Battery life are they not supposed to be charged? my third week without charging now ????????,Battery life are they not supposed to be charged? my third week without charging now ????????,-0.4137,negative,positive
Itel BudsNeo 3 ANC Wireless Bluetooth Earphone,phones and tablets,Perfection,Bought it for the sound ???? and the long play time without frequent charging ????,5.0,2025-06-16,yes,Perfection Bought it for the sound ???? and the long play time without frequent charging ????,Perfection Bought it for the sound ???? and the long play time without frequent charging ????,0.7941,positive,positive
Itel BudsNeo 3 ANC Wireless Bluetooth Earphone,phones and tablets,Good,The touch pad is too sensitive when lying down. Audio quality is good and battery is perfect,4.0,2025-06-12,yes,Good The touch pad is too sensitive when lying down. Audio quality is good and battery is perfect,Good The touch pad is too sensitive when lying down. Audio quality is good and battery is perfect,0.7269,positive,positive
Itel BudsNeo 3 ANC Wireless Bluetooth Earphone,phones and tablets,Best,What imperessed me the most is the battery life.,4.0,2025-06-11,yes,Best What imperessed me the most is the battery life.,Best What imperessed me the most is the battery life.,0.6369,positive,positive
Itel BudsNeo 3 ANC Wireless Bluetooth Earphone,phones and tablets,Power,"The buds have quality sound. 
The only problem is that if they turn off, you cannot turn them back on without putting them back in the case.",4.0,2025-06-05,yes,"Power The buds have quality sound. 
The only problem is that if they turn off, you cannot turn them back on without putting them back in the case.","Power The buds have quality sound.  The only problem is that if they turn off, you cannot turn them back on without putting them back in the case.",-0.4019,negative,positive
Itel BudsNeo 3 ANC Wireless Bluetooth Earphone,phones and tablets,Itel,Music wise the buds are excellent... The problem is when am making calls..so much noise on the other end,4.0,2025-06-03,yes,Itel Music wise the buds are excellent... The problem is when am making calls..so much noise on the other end,Itel Music wise the buds are excellent... The problem is when am making calls..so much noise on the other end,0.1027,positive,positive
Itel BudsNeo 3 ANC Wireless Bluetooth Earphone,phones and tablets,ite budsNeo 3,Still enjoying my earbuds.The sound is okey and they keep charge for long.,4.0,2025-06-03,yes,ite budsNeo 3 Still enjoying my earbuds.The sound is okey and they keep charge for long.,ite budsNeo 3 Still enjoying my earbuds.The sound is okey and they keep charge for long.,0.5267,positive,positive
Boy Boyurn-Down Collor Top + Shorts,fashion,clothe,My nephew is rocking in it,5.0,2025-06-04,yes,clothe My nephew is rocking in it,clothe My nephew is rocking in it,0.0,neutral,positive
Boy Boyurn-Down Collor Top + Shorts,fashion,perfect,Not bad.. I liked it,4.0,2024-12-24,yes,perfect Not bad.. I liked it,perfect Not bad.. I liked it,0.3331,positive,positive
Boy Boyurn-Down Collor Top + Shorts,fashion,quality,"Not the perfect quality,but it's great and looks very nice. Will definitely buy again",4.0,2024-09-23,yes,"quality Not the perfect quality,but it's great and looks very nice. Will definitely buy again","quality Not the perfect quality,but it's great and looks very nice. Will definitely buy again",0.7997,positive,positive
Boy Boyurn-Down Collor Top + Shorts,fashion,quality,I liked it,4.0,2024-08-27,yes,quality I liked it,quality I liked it,0.4215,positive,positive
Boy Boyurn-Down Collor Top + Shorts,fashion,price,Should be cheaper. Not bad though.,3.0,2024-08-23,yes,price Should be cheaper. Not bad though.,price Should be cheaper. Not bad though.,0.431,positive,neutral
Boy Boyurn-Down Collor Top + Shorts,fashion,Superb!!!,"Loved it, nice quality and heavy fabric.",5.0,2024-08-12,yes,"Superb!!! Loved it, nice quality and heavy fabric.","Superb!!! Loved it, nice quality and heavy fabric.",0.9131,positive,positive
Boy Boyurn-Down Collor Top + Shorts,fashion,QUALITY,"The outfit is awesome????, quality top notch????. Please restock 3-4yrs",5.0,2024-07-04,yes,"QUALITY The outfit is awesome????, quality top notch????. Please restock 3-4yrs","QUALITY The outfit is awesome????, quality top notch????. Please restock 3-4yrs",0.6199,positive,positive
Kids Girl 2PCS Puff Sleeve Top Floral Dresses,fashion,best,Looks good on my babygirl,5.0,2025-05-27,yes,best Looks good on my babygirl,best Looks good on my babygirl,0.7964,positive,positive
Kids Girl 2PCS Puff Sleeve Top Floral Dresses,fashion,poor quality  &  poor packing,Very light...I didn't expect it that way....too expensive but poor quality,1.0,2025-05-02,yes,poor quality  &  poor packing Very light...I didn't expect it that way....too expensive but poor quality,poor quality  &  poor packing Very light...I didn't expect it that way....too expensive but poor quality,-0.8047,negative,negative
Kids Girl 2PCS Puff Sleeve Top Floral Dresses,fashion,material used,Poor quality,2.0,2025-04-22,yes,material used Poor quality,material used Poor quality,-0.4767,negative,negative
Kids Girl 2PCS Puff Sleeve Top Floral Dresses,fashion,colour,The colour  match and how it fits,5.0,2025-04-07,yes,colour The colour  match and how it fits,colour The colour  match and how it fits,0.0,neutral,positive
Kids Girl 2PCS Puff Sleeve Top Floral Dresses,fashion,Loved it,It fit perfectly and was exactly what I ordered,5.0,2025-02-24,yes,Loved it It fit perfectly and was exactly what I ordered,Loved it It fit perfectly and was exactly what I ordered,0.891,positive,positive
Kids Girl 2PCS Puff Sleeve Top Floral Dresses,fashion,love it.,The product is good.,4.0,2024-12-24,yes,love it. The product is good.,love it. The product is good.,0.7964,positive,positive
Kids Girl 2PCS Puff Sleeve Top Floral Dresses,fashion,Beautiful dress,Daughter rocked it at a birthday party,5.0,2024-11-07,yes,Beautiful dress Daughter rocked it at a birthday party,Beautiful dress Daughter rocked it at a birthday party,0.765,positive,positive
Kids Girl 2PCS Puff Sleeve Top Floral Dresses,fashion,It's good,I liked it,4.0,2024-08-27,yes,It's good I liked it,It's good I liked it,0.6908,positive,positive
Garnier Even & Matte Vitamin C Booster Serum,health and beauty,serum,It was what I ordered,4.0,2025-06-21,yes,serum It was what I ordered,serum It was what I ordered,0.0,neutral,positive
Garnier Even & Matte Vitamin C Booster Serum,health and beauty,it works,Reduces white heads significantly,5.0,2025-06-21,yes,it works Reduces white heads significantly,it works Reduces white heads significantly,0.0,neutral,positive
Garnier Even & Matte Vitamin C Booster Serum,health and beauty,God sent.,"Smooth face, even tone. Everything good ????",5.0,2025-06-19,yes,"God sent. Smooth face, even tone. Everything good ????","God sent. Smooth face, even tone. Everything good ????",0.7149,positive,positive
Garnier Even & Matte Vitamin C Booster Serum,health and beauty,Product Quality,I got one of the twin packs being half. Not sure how that happened,3.0,2025-06-18,yes,Product Quality I got one of the twin packs being half. Not sure how that happened,Product Quality I got one of the twin packs being half. Not sure how that happened,-0.2411,negative,neutral
Garnier Even & Matte Vitamin C Booster Serum,health and beauty,functionality,It's not doing what it says it does,1.0,2025-06-16,yes,functionality It's not doing what it says it does,functionality It's not doing what it says it does,0.0,neutral,negative
Garnier Even & Matte Vitamin C Booster Serum,health and beauty,product effectiveness,"It really giving the even skin tone, but for darks it's not clearing been using for months and still have dark spots",3.0,2025-06-13,yes,"product effectiveness It really giving the even skin tone, but for darks it's not clearing been using for months and still have dark spots","product effectiveness It really giving the even skin tone, but for darks it's not clearing been using for months and still have dark spots",0.2135,positive,neutral
Garnier Even & Matte Vitamin C Booster Serum,health and beauty,Garniervitamin C serum,Best serum ever,5.0,2025-06-13,yes,Garniervitamin C serum Best serum ever,Garniervitamin C serum Best serum ever,0.6369,positive,positive
Garnier Even & Matte Vitamin C Booster Serum,health and beauty,I like it,It really works,5.0,2025-06-09,yes,I like it It really works,I like it It really works,0.3612,positive,positive
Garnier Even & Matte Vitamin C Booster Serum,health and beauty,The best serum,"This is by far the best serum!!! Brightens, not harsh on skin, very good scent and it gives the glow ????",5.0,2025-06-09,yes,"The best serum This is by far the best serum!!! Brightens, not harsh on skin, very good scent and it gives the glow ????","The best serum This is by far the best serum!!! Brightens, not harsh on skin, very good scent and it gives the glow ????",0.9603,positive,positive
Garnier Even & Matte Vitamin C Booster Serum,health and beauty,I like it,"It's good. Am on my 2nd bottle, and I have received comments that my skin is looking good. It has really brightened my skin, in a non-bleavhing way. Just glowy!",5.0,2025-06-07,yes,"I like it It's good. Am on my 2nd bottle, and I have received comments that my skin is looking good. It has really brightened my skin, in a non-bleavhing way. Just glowy!","I like it It's good. Am on my 2nd bottle, and I have received comments that my skin is looking good. It has really brightened my skin, in a non-bleavhing way. Just glowy!",0.8997,positive,positive
Women's Bag Literary Single-Shoulder Bag,fashion,The strap,The strap of the bag broke on the first day of using it,3.0,2025-02-17,yes,The strap The strap of the bag broke on the first day of using it,The strap The strap of the bag broke on the first day of using it,-0.4215,negative,neutral
Women's Bag Literary Single-Shoulder Bag,fashion,Nice,Nice bag,5.0,2025-02-10,yes,Nice Nice bag,Nice Nice bag,0.6808,positive,positive
Women's Bag Literary Single-Shoulder Bag,fashion,its too small....would be nicer if it was bigger,You should add a zipper so that it's more secure,2.0,2024-11-18,yes,its too small....would be nicer if it was bigger You should add a zipper so that it's more secure,its too small....would be nicer if it was bigger You should add a zipper so that it's more secure,0.6801,positive,negative
Women's Bag Literary Single-Shoulder Bag,fashion,good,Should include at least one more zipped inside to separate things,4.0,2024-11-18,yes,good Should include at least one more zipped inside to separate things,good Should include at least one more zipped inside to separate things,0.4404,positive,positive
Women's Bag Literary Single-Shoulder Bag,fashion,it's really nice,It's strong and cute,5.0,2024-11-15,yes,it's really nice It's strong and cute,it's really nice It's strong and cute,0.8643,positive,positive
Women's Bag Literary Single-Shoulder Bag,fashion,Good Purchase,For the price it's a actually a good purchase,4.0,2024-11-11,yes,Good Purchase For the price it's a actually a good purchase,Good Purchase For the price it's a actually a good purchase,0.7003,positive,positive
Women's Bag Literary Single-Shoulder Bag,fashion,I like it.,Came as just shown on the picture.,4.0,2024-11-11,yes,I like it. Came as just shown on the picture.,I like it. Came as just shown on the picture.,0.3612,positive,positive
Women's Bag Literary Single-Shoulder Bag,fashion,I like it,"Quite small, but serves the purpose",4.0,2024-11-11,yes,"I like it Quite small, but serves the purpose","I like it Quite small, but serves the purpose",0.1901,positive,positive
Women's Bag Literary Single-Shoulder Bag,fashion,Angeline,"Too small, poor packaging and very light straps",1.0,2024-11-11,yes,"Angeline Too small, poor packaging and very light straps","Angeline Too small, poor packaging and very light straps",-0.4767,negative,negative
Women's Bag Literary Single-Shoulder Bag,fashion,The bag was beautiful..I loved it ????,"But it was not well packaged 
It was packaged with a transparent paper",1.0,2024-10-24,yes,"The bag was beautiful..I loved it ???? But it was not well packaged 
It was packaged with a transparent paper",The bag was beautiful..I loved it ???? But it was not well packaged  It was packaged with a transparent paper,0.2935,positive,negative
Hot And Normal Stand Alone Dispenser (Black),appliances,I like it.,It is simple to operate and works perfectly fine.,5.0,2025-06-20,yes,I like it. It is simple to operate and works perfectly fine.,I like it. It is simple to operate and works perfectly fine.,0.8176,positive,positive
Hot And Normal Stand Alone Dispenser (Black),appliances,It’s rather small.,It’s rather small,2.0,2025-06-19,yes,It’s rather small. It’s rather small,It’s rather small. It’s rather small,0.0,neutral,negative
Hot And Normal Stand Alone Dispenser (Black),appliances,Met expectations,Met expectations. Fairly priced.,5.0,2025-06-13,yes,Met expectations Met expectations. Fairly priced.,Met expectations Met expectations. Fairly priced.,0.0,neutral,positive
Hot And Normal Stand Alone Dispenser (Black),appliances,working well,"Ensure transporting it carefully, it was  somehow scratched",5.0,2025-06-13,yes,"working well Ensure transporting it carefully, it was  somehow scratched","working well Ensure transporting it carefully, it was  somehow scratched",0.6369,positive,positive
Hot And Normal Stand Alone Dispenser (Black),appliances,Works well. I like it,Lightweight but serves its purpose,5.0,2025-06-03,yes,Works well. I like it Lightweight but serves its purpose,Works well. I like it Lightweight but serves its purpose,0.3182,positive,positive
Hot And Normal Stand Alone Dispenser (Black),appliances,I like the product,"The packaging is nice
Qiuck delivery
Good quality",5.0,2025-05-08,yes,"I like the product The packaging is nice
Qiuck delivery
Good quality",I like the product The packaging is nice Qiuck delivery Good quality,0.802,positive,positive
Hot And Normal Stand Alone Dispenser (Black),appliances,Not perfect,"Does not make water hot, I'm disappointed ☹️",1.0,2025-05-06,yes,"Not perfect Does not make water hot, I'm disappointed ☹️","Not perfect Does not make water hot, I'm disappointed ☹️",-0.7268,negative,negative
Hot And Normal Stand Alone Dispenser (Black),appliances,mmmh,yap,3.0,2025-02-19,yes,mmmh yap,mmmh yap,0.0,neutral,neutral
Hot And Normal Stand Alone Dispenser (Black),appliances,so far so goood,Yeah.. if there was a cold one too,3.0,2025-02-13,yes,so far so goood Yeah.. if there was a cold one too,so far so goood Yeah.. if there was a cold one too,0.0,neutral,neutral
Hot And Normal Stand Alone Dispenser (Black),appliances,just ok,Improve on quality,4.0,2025-01-21,yes,just ok Improve on quality,just ok Improve on quality,0.6249,positive,positive
Vitron V527 - 2.1 CH Multimedia Speaker,TVs and audios,Perfect,It's working just fine,5.0,2025-06-18,yes,Perfect It's working just fine,Perfect It's working just fine,0.6705,positive,positive
Vitron V527 - 2.1 CH Multimedia Speaker,TVs and audios,Speakers,Speakers should be wireless,4.0,2025-06-17,yes,Speakers Speakers should be wireless,Speakers Speakers should be wireless,0.0,neutral,positive
Vitron V527 - 2.1 CH Multimedia Speaker,TVs and audios,best music system,Perfect system,5.0,2025-06-17,yes,best music system Perfect system,best music system Perfect system,0.836,positive,positive
Vitron V527 - 2.1 CH Multimedia Speaker,TVs and audios,whoofer,Sound,5.0,2025-06-16,yes,whoofer Sound,whoofer Sound,0.0,neutral,positive
Vitron V527 - 2.1 CH Multimedia Speaker,TVs and audios,sound and its simplicity,It's super cool,5.0,2025-06-13,yes,sound and its simplicity It's super cool,sound and its simplicity It's super cool,0.7351,positive,positive
Vitron V527 - 2.1 CH Multimedia Speaker,TVs and audios,Amazing,The sound is amazing,5.0,2025-06-13,yes,Amazing The sound is amazing,Amazing The sound is amazing,0.8225,positive,positive
Vitron V527 - 2.1 CH Multimedia Speaker,TVs and audios,Fairly good,The humming sound on standby mode irritating,3.0,2025-06-11,yes,Fairly good The humming sound on standby mode irritating,Fairly good The humming sound on standby mode irritating,-0.0258,neutral,neutral
Vitron V527 - 2.1 CH Multimedia Speaker,TVs and audios,Just keep the good work.,The package has reached safely  and is  good,4.0,2025-06-11,yes,Just keep the good work. The package has reached safely  and is  good,Just keep the good work. The package has reached safely  and is  good,0.8555,positive,positive
Vitron V527 - 2.1 CH Multimedia Speaker,TVs and audios,Work as expected,Worth it,5.0,2025-06-11,yes,Work as expected Worth it,Work as expected Worth it,0.2263,positive,positive
Vitron V527 - 2.1 CH Multimedia Speaker,TVs and audios,what i like with vitron speakers,They beat so nice,5.0,2025-06-10,yes,what i like with vitron speakers They beat so nice,what i like with vitron speakers They beat so nice,0.7283,positive,positive
Couple Canvas Low Top Lace-up Shoes,fashion,canvas,You know something is good when you buy it twice,5.0,2025-06-17,yes,canvas You know something is good when you buy it twice,canvas You know something is good when you buy it twice,0.4404,positive,positive
Couple Canvas Low Top Lace-up Shoes,fashion,ever lasting,Nice one????,5.0,2025-06-16,yes,ever lasting Nice one????,ever lasting Nice one????,0.5803,positive,positive
Couple Canvas Low Top Lace-up Shoes,fashion,cn,As advertised,5.0,2025-06-15,yes,cn As advertised,cn As advertised,0.0,neutral,positive
Couple Canvas Low Top Lace-up Shoes,fashion,Liked it,"I'm happy with the shoes. They arrived on time, and the quality is good. They're also very comfortable. Definitely worth it.",5.0,2025-06-11,yes,"Liked it I'm happy with the shoes. They arrived on time, and the quality is good. They're also very comfortable. Definitely worth it.","Liked it I'm happy with the shoes. They arrived on time, and the quality is good. They're also very comfortable. Definitely worth it.",0.9527,positive,positive
Couple Canvas Low Top Lace-up Shoes,fashion,good material,Excellent,5.0,2025-05-30,yes,good material Excellent,good material Excellent,0.765,positive,positive
Couple Canvas Low Top Lace-up Shoes,fashion,Good,It's a good product,5.0,2025-05-28,yes,Good It's a good product,Good It's a good product,0.7003,positive,positive
Couple Canvas Low Top Lace-up Shoes,fashion,smallsize,Always go for a size bigger,5.0,2025-05-27,yes,smallsize Always go for a size bigger,smallsize Always go for a size bigger,0.0,neutral,positive
Couple Canvas Low Top Lace-up Shoes,fashion,Good,Good quality. But order a bigger size,5.0,2025-05-19,yes,Good Good quality. But order a bigger size,Good Good quality. But order a bigger size,0.4404,positive,positive
Couple Canvas Low Top Lace-up Shoes,fashion,best,Best thing i got on jumia,5.0,2025-05-13,yes,best Best thing i got on jumia,best Best thing i got on jumia,0.8555,positive,positive
Couple Canvas Low Top Lace-up Shoes,fashion,loved it,Very Good quality,5.0,2025-04-30,yes,loved it Very Good quality,loved it Very Good quality,0.796,positive,positive
Tecno CAMON 30S,phones and tablets,nice,Value for money,5.0,2025-01-02,yes,nice Value for money,nice Value for money,0.6369,positive,positive
Tecno CAMON 30S,phones and tablets,Missing earphones,The earphones were missing but I realized after picking and leaving the pickups point,2.0,2024-12-02,yes,Missing earphones The earphones were missing but I realized after picking and leaving the pickups point,Missing earphones The earphones were missing but I realized after picking and leaving the pickups point,-0.296,negative,negative
Tecno CAMON 30S,phones and tablets,GOOD PHONE,"The display doesn't look amoled, camera is OK but the phone is gorgeous and the processor is snappy.",4.0,2024-11-07,yes,"GOOD PHONE The display doesn't look amoled, camera is OK but the phone is gorgeous and the processor is snappy.","GOOD PHONE The display doesn't look amoled, camera is OK but the phone is gorgeous and the processor is snappy.",0.8684,positive,positive
Tecno CAMON 30S,phones and tablets,THE BEST AHEAD OF THE REST,"Good quality, good resolution, and everything is perfect boom",5.0,2024-11-04,yes,"THE BEST AHEAD OF THE REST Good quality, good resolution, and everything is perfect boom","THE BEST AHEAD OF THE REST Good quality, good resolution, and everything is perfect boom",0.9375,positive,positive
Fast Charging 10000mAh Power Charging Bank,phones and tablets,it is not that good,the battery does not last long,3.0,2025-06-19,yes,it is not that good the battery does not last long,it is not that good the battery does not last long,-0.3412,negative,neutral
Fast Charging 10000mAh Power Charging Bank,phones and tablets,Good in deed,Quality and strong in charging mobile phone,5.0,2025-06-18,yes,Good in deed Quality and strong in charging mobile phone,Good in deed Quality and strong in charging mobile phone,0.7351,positive,positive
Fast Charging 10000mAh Power Charging Bank,phones and tablets,Not as per the user needs,It drains so fast,2.0,2025-06-16,yes,Not as per the user needs It drains so fast,Not as per the user needs It drains so fast,0.0,neutral,negative
Fast Charging 10000mAh Power Charging Bank,phones and tablets,i like it,it works okay,4.0,2025-06-16,yes,i like it it works okay,i like it it works okay,0.5267,positive,positive
Fast Charging 10000mAh Power Charging Bank,phones and tablets,i love it,it worth the money it works perfect,5.0,2025-06-13,yes,i love it it worth the money it works perfect,i love it it worth the money it works perfect,0.8689,positive,positive
Fast Charging 10000mAh Power Charging Bank,phones and tablets,soo fake,Not working it powers of within 5 minutes must return,1.0,2025-06-11,yes,soo fake Not working it powers of within 5 minutes must return,soo fake Not working it powers of within 5 minutes must return,-0.4767,negative,negative
Fast Charging 10000mAh Power Charging Bank,phones and tablets,trust and convinience,The best online shopping ????. Jumia the Best. Trusted and honest plus good delivery on time,5.0,2025-06-10,yes,trust and convinience The best online shopping ????. Jumia the Best. Trusted and honest plus good delivery on time,trust and convinience The best online shopping ????. Jumia the Best. Trusted and honest plus good delivery on time,0.9718,positive,positive
Fast Charging 10000mAh Power Charging Bank,phones and tablets,I like it,Good and fantastic,5.0,2025-06-05,yes,I like it Good and fantastic,I like it Good and fantastic,0.8402,positive,positive
Fast Charging 10000mAh Power Charging Bank,phones and tablets,I don't like it,It's not even charge phone twice,1.0,2025-06-03,yes,I don't like it It's not even charge phone twice,I don't like it It's not even charge phone twice,-0.2755,negative,negative
Fast Charging 10000mAh Power Charging Bank,phones and tablets,Like it,The process was was smooth and tracking the product is as expected,4.0,2025-06-03,yes,Like it The process was was smooth and tracking the product is as expected,Like it The process was was smooth and tracking the product is as expected,0.3612,positive,positive
RichRipple 3-Cables Portable Power Bank,phones and tablets,good,By giving more offer,4.0,2025-06-16,yes,good By giving more offer,good By giving more offer,0.6486,positive,positive
RichRipple 3-Cables Portable Power Bank,phones and tablets,non-functional power bank,"Used it once, fully charged but couldn't charge the phone even to 50%. Then it failed completely 
. Total waste of money",1.0,2025-06-16,yes,"non-functional power bank Used it once, fully charged but couldn't charge the phone even to 50%. Then it failed completely 
. Total waste of money","non-functional power bank Used it once, fully charged but couldn't charge the phone even to 50%. Then it failed completely  . Total waste of money",-0.8783,negative,negative
RichRipple 3-Cables Portable Power Bank,phones and tablets,I like it,Serves its purpose well,4.0,2025-06-12,yes,I like it Serves its purpose well,I like it Serves its purpose well,0.5574,positive,positive
RichRipple 3-Cables Portable Power Bank,phones and tablets,quality,It's just too good.... I like it,5.0,2025-06-11,yes,quality It's just too good.... I like it,quality It's just too good.... I like it,0.3612,positive,positive
RichRipple 3-Cables Portable Power Bank,phones and tablets,Amaizing,"Out off all the rest I have bought, this one is very very legit and amaizing! For the iphone cable tends to stop working after around 5-6 months but It is very nice",4.0,2025-06-10,yes,"Amaizing Out off all the rest I have bought, this one is very very legit and amaizing! For the iphone cable tends to stop working after around 5-6 months but It is very nice","Amaizing Out off all the rest I have bought, this one is very very legit and amaizing! For the iphone cable tends to stop working after around 5-6 months but It is very nice",0.5902,positive,positive
RichRipple 3-Cables Portable Power Bank,phones and tablets,Dislike,It can not charge 2 phone to full,3.0,2025-06-09,yes,Dislike It can not charge 2 phone to full,Dislike It can not charge 2 phone to full,-0.3818,negative,neutral
RichRipple 3-Cables Portable Power Bank,phones and tablets,about powerbank,Charging just one phone and that's,3.0,2025-06-03,yes,about powerbank Charging just one phone and that's,about powerbank Charging just one phone and that's,0.0,neutral,neutral
RichRipple 3-Cables Portable Power Bank,phones and tablets,Like it,I love it ..,5.0,2025-05-27,yes,Like it I love it ..,Like it I love it ..,0.7717,positive,positive
RichRipple 3-Cables Portable Power Bank,phones and tablets,I like it,The product is working well and the price I couldnt believe it!,5.0,2025-05-27,yes,I like it The product is working well and the price I couldnt believe it!,I like it The product is working well and the price I couldnt believe it!,0.5983,positive,positive
RichRipple 3-Cables Portable Power Bank,phones and tablets,I like it,It's good,4.0,2025-05-27,yes,I like it It's good,I like it It's good,0.6597,positive,positive
"C Idea Adults Tablets, 10 Inches Android 12",phones and tablets,implove on,Long lasting battery,5.0,2025-06-03,yes,implove on Long lasting battery,implove on Long lasting battery,0.0,neutral,positive
"C Idea Adults Tablets, 10 Inches Android 12",phones and tablets,Old Os,The system cannot support wegl,2.0,2025-04-23,yes,Old Os The system cannot support wegl,Old Os The system cannot support wegl,-0.3089,negative,negative
"C Idea Adults Tablets, 10 Inches Android 12",phones and tablets,i dont like it,"I can not conect the USB Stick with no adapter, Many things i can not install",2.0,2025-04-14,yes,"i dont like it I can not conect the USB Stick with no adapter, Many things i can not install","i dont like it I can not conect the USB Stick with no adapter, Many things i can not install",-0.5122,negative,negative
"C Idea Adults Tablets, 10 Inches Android 12",phones and tablets,I like it,Works well for basic tasks..try to improve its processor.,5.0,2025-03-20,yes,I like it Works well for basic tasks..try to improve its processor.,I like it Works well for basic tasks..try to improve its processor.,0.7579,positive,positive
"C Idea Adults Tablets, 10 Inches Android 12",phones and tablets,Battery+memory,"Nice product for the amount of money,
But the battery is very poor for a 10000Ah,
And an app I installed says 8gb+64gb,
its rating 512gb,now I don't know who to trust!",3.0,2025-02-24,yes,"Battery+memory Nice product for the amount of money,
But the battery is very poor for a 10000Ah,
And an app I installed says 8gb+64gb,
its rating 512gb,now I don't know who to trust!","Battery+memory Nice product for the amount of money, But the battery is very poor for a 10000Ah, And an app I installed says 8gb+64gb, its rating 512gb,now I don't know who to trust!",0.2622,positive,neutral
"C Idea Adults Tablets, 10 Inches Android 12",phones and tablets,I don't like it,The USB-C charging port is loose. It does not hold the Charging Cable & Adapter*1.,2.0,2025-02-12,yes,I don't like it The USB-C charging port is loose. It does not hold the Charging Cable & Adapter*1.,I don't like it The USB-C charging port is loose. It does not hold the Charging Cable & Adapter*1.,-0.5283,negative,negative
"C Idea Adults Tablets, 10 Inches Android 12",phones and tablets,I feel cheated,"The Storage of 512GB is not as stated. It is 1/8 of 512. Here, I feel cheated. No one will be happy about this.",2.0,2025-01-03,yes,"I feel cheated The Storage of 512GB is not as stated. It is 1/8 of 512. Here, I feel cheated. No one will be happy about this.","I feel cheated The Storage of 512GB is not as stated. It is 1/8 of 512. Here, I feel cheated. No one will be happy about this.",-0.6249,negative,negative
"C Idea Adults Tablets, 10 Inches Android 12",phones and tablets,Compactibility,User friendly,5.0,2025-01-02,yes,Compactibility User friendly,Compactibility User friendly,0.4939,positive,positive
"C Idea Adults Tablets, 10 Inches Android 12",phones and tablets,6/10,The charger isn't charging well and the blue tooth speaker isn't working. Otherwise the tablet is good.,3.0,2024-12-17,yes,6/10 The charger isn't charging well and the blue tooth speaker isn't working. Otherwise the tablet is good.,6/10 The charger isn't charging well and the blue tooth speaker isn't working. Otherwise the tablet is good.,0.27,positive,neutral
"C Idea Adults Tablets, 10 Inches Android 12",phones and tablets,goid,Good tea,2.0,2024-12-17,yes,goid Good tea,goid Good tea,0.4404,positive,negative
"C Idea CM828,8 Inch,8GB RAM 512GB ROM",phones and tablets,I like it,Good love the 5g network compatibility and storage though I did not receive some of the gifts that was specified will be in the box,4.0,2025-06-18,yes,I like it Good love the 5g network compatibility and storage though I did not receive some of the gifts that was specified will be in the box,I like it Good love the 5g network compatibility and storage though I did not receive some of the gifts that was specified will be in the box,0.8625,positive,positive
"C Idea CM828,8 Inch,8GB RAM 512GB ROM",phones and tablets,nice,it never came with screen protector.earpods.mouse,3.0,2025-06-13,yes,nice it never came with screen protector.earpods.mouse,nice it never came with screen protector.earpods.mouse,0.4215,positive,neutral
"C Idea CM828,8 Inch,8GB RAM 512GB ROM",phones and tablets,very good,Ram and rom,5.0,2025-06-05,yes,very good Ram and rom,very good Ram and rom,0.4927,positive,positive
"C Idea CM828,8 Inch,8GB RAM 512GB ROM",phones and tablets,Tab,Good,5.0,2025-06-04,yes,Tab Good,Tab Good,0.4404,positive,positive
"C Idea CM828,8 Inch,8GB RAM 512GB ROM",phones and tablets,The tablet is good.,"The tablet is good, but there is too much hype on the accessories....came without earpods, blue tooth mouse, blue tooth speaker, key chain, smart band, and stylus.",3.0,2025-03-18,yes,"The tablet is good. The tablet is good, but there is too much hype on the accessories....came without earpods, blue tooth mouse, blue tooth speaker, key chain, smart band, and stylus.","The tablet is good. The tablet is good, but there is too much hype on the accessories....came without earpods, blue tooth mouse, blue tooth speaker, key chain, smart band, and stylus.",0.7543,positive,neutral
"C Idea CM828,8 Inch,8GB RAM 512GB ROM",phones and tablets,I like it,"Hello,
The package description also included Earpods, bluetooth mouse, bluetooth speaker and a smart band which were not delivered with the package.",3.0,2025-02-28,yes,"I like it Hello,
The package description also included Earpods, bluetooth mouse, bluetooth speaker and a smart band which were not delivered with the package.","I like it Hello,  The package description also included Earpods, bluetooth mouse, bluetooth speaker and a smart band which were not delivered with the package.",0.6369,positive,neutral
"Amtec 43L12, 43"" FHD Smart Android TV",TVs and audios,Liked the service.,products just as they appear,5.0,2025-06-18,yes,Liked the service. products just as they appear,Liked the service. products just as they appear,0.4215,positive,positive
"Amtec 43L12, 43"" FHD Smart Android TV",TVs and audios,other apps not functioning,No,3.0,2025-06-17,yes,other apps not functioning No,other apps not functioning No,0.2235,positive,neutral
"Amtec 43L12, 43"" FHD Smart Android TV",TVs and audios,great product.,Works as advertised,5.0,2025-06-16,yes,great product. Works as advertised,great product. Works as advertised,0.6249,positive,positive
"Amtec 43L12, 43"" FHD Smart Android TV",TVs and audios,I like it,It's working perfect and everything is okay,5.0,2025-06-12,yes,I like it It's working perfect and everything is okay,I like it It's working perfect and everything is okay,0.7964,positive,positive
"Amtec 43L12, 43"" FHD Smart Android TV",TVs and audios,Love it,The product is very clear,5.0,2025-06-12,yes,Love it The product is very clear,Love it The product is very clear,0.796,positive,positive
"Amtec 43L12, 43"" FHD Smart Android TV",TVs and audios,perfect,Clarity,5.0,2025-06-11,yes,perfect Clarity,perfect Clarity,0.7506,positive,positive
"Amtec 43L12, 43"" FHD Smart Android TV",TVs and audios,its working well exactly what i expected,Wifi connection and clear pictures,5.0,2025-06-11,yes,its working well exactly what i expected Wifi connection and clear pictures,its working well exactly what i expected Wifi connection and clear pictures,0.5719,positive,positive
"Amtec 43L12, 43"" FHD Smart Android TV",TVs and audios,Misleading Product Description — Not as Advertised,"I purchased this TV based on the product description, which stated it was an Android TV. However, what I received was entirely different — a sluggish, non-Android operating system with extremely limited functionality. Setting up apps was a nightmare, and several buttons on the remote didn't work at all.

The experience was frustrating and disappointing. I had no choice but to return the product and now have to wait for a refund. This is not what I expected from a supposedly modern smart TV. Strongly urge others to verify product details with the seller before purchasing.",1.0,2025-06-09,yes,"Misleading Product Description — Not as Advertised I purchased this TV based on the product description, which stated it was an Android TV. However, what I received was entirely different — a sluggish, non-Android operating system with extremely limited functionality. Setting up apps was a nightmare, and several buttons on the remote didn't work at all.

The experience was frustrating and disappointing. I had no choice but to return the product and now have to wait for a refund. This is not what I expected from a supposedly modern smart TV. Strongly urge others to verify product details with the seller before purchasing.","Misleading Product Description — Not as Advertised I purchased this TV based on the product description, which stated it was an Android TV. However, what I received was entirely different — a sluggish, non-Android operating system with extremely limited functionality. Setting up apps was a nightmare, and several buttons on the remote didn't work at all.    The experience was frustrating and disappointing. I had no choice but to return the product and now have to wait for a refund. This is not what I expected from a supposedly modern smart TV. Strongly urge others to verify product details with the seller before purchasing.",-0.2229,negative,negative
"Amtec 43L12, 43"" FHD Smart Android TV",TVs and audios,sounds good,Works well,4.0,2025-06-03,yes,sounds good Works well,sounds good Works well,0.6124,positive,positive
"Amtec 43L12, 43"" FHD Smart Android TV",TVs and audios,i Love it,"Best decision i made was to go for this smart t.v, sound, bluetooth, pictures, youtube!!!i would recommend to anyone...",5.0,2025-05-30,yes,"i Love it Best decision i made was to go for this smart t.v, sound, bluetooth, pictures, youtube!!!i would recommend to anyone...","i Love it Best decision i made was to go for this smart t.v, sound, bluetooth, pictures, youtube!!!i would recommend to anyone...",0.9423,positive,positive
Lyons LST4304W 43”INCH Smart Android Frameless,TVs and audio,smart tv,It's efficiency,5.0,2025-06-20,yes,smart tv It's efficiency,smart tv It's efficiency,0.6369,positive,positive
Lyons LST4304W 43”INCH Smart Android Frameless,TVs and audio,smart tv,It was not 2k hd,3.0,2025-06-19,yes,smart tv It was not 2k hd,smart tv It was not 2k hd,0.4019,positive,neutral
Lyons LST4304W 43”INCH Smart Android Frameless,TVs and audio,I like it,Works exactly as described,5.0,2025-06-19,yes,I like it Works exactly as described,I like it Works exactly as described,0.3612,positive,positive
Lyons LST4304W 43”INCH Smart Android Frameless,TVs and audio,Received as described,Thank you very much it's super nice,5.0,2025-06-19,yes,Received as described Thank you very much it's super nice,Received as described Thank you very much it's super nice,0.8578,positive,positive
Lyons LST4304W 43”INCH Smart Android Frameless,TVs and audio,good product,What I ordered,5.0,2025-06-18,yes,good product What I ordered,good product What I ordered,0.4404,positive,positive
Lyons LST4304W 43”INCH Smart Android Frameless,TVs and audio,affordable????,I just love it,5.0,2025-06-18,yes,affordable???? I just love it,affordable???? I just love it,0.7319,positive,positive
Lyons LST4304W 43”INCH Smart Android Frameless,TVs and audio,I like it.,The product met my expectation and the delivery was as scheduled.,5.0,2025-06-18,yes,I like it. The product met my expectation and the delivery was as scheduled.,I like it. The product met my expectation and the delivery was as scheduled.,0.3612,positive,positive
Lyons LST4304W 43”INCH Smart Android Frameless,TVs and audio,unique,"It's great, amazing product",4.0,2025-06-16,yes,"unique It's great, amazing product","unique It's great, amazing product",0.836,positive,positive
Lyons LST4304W 43”INCH Smart Android Frameless,TVs and audio,i like it,a very good smart TV within budget and great customer service from Jumia,4.0,2025-06-13,yes,i like it a very good smart TV within budget and great customer service from Jumia,i like it a very good smart TV within budget and great customer service from Jumia,0.9148,positive,positive
Lyons LST4304W 43”INCH Smart Android Frameless,TVs and audio,Not that bad but it's a FHD not 2k as specified,Not that bad but it's a FHD not 2k as specified,3.0,2025-06-11,yes,Not that bad but it's a FHD not 2k as specified Not that bad but it's a FHD not 2k as specified,Not that bad but it's a FHD not 2k as specified Not that bad but it's a FHD not 2k as specified,0.6908,positive,neutral
Sony PS4 PlayStation 4 Pro Console 1TB - Black,gaming,Old machine DON'T Buy,"Scammers they sold an old machine, Don't trust the sellers.",1.0,2021-12-02,yes,"Old machine DON'T Buy Scammers they sold an old machine, Don't trust the sellers.","Old machine DON'T Buy Scammers they sold an old machine, Don't trust the sellers.",-0.4023,negative,negative
Sony PS4 PlayStation 4 Pro Console 1TB - Black,gaming,Love it,Just as i expected ! Quality product !,5.0,2020-05-01,yes,Love it Just as i expected ! Quality product !,Love it Just as i expected ! Quality product !,0.6988,positive,positive
Sony PS4 PlayStation 4 Pro Console 1TB - Black,gaming,Very good,Exemplary performance in 4K,5.0,2019-05-20,yes,Very good Exemplary performance in 4K,Very good Exemplary performance in 4K,0.4927,positive,positive
Sony PS4 PlayStation 4 Slim Console 500GB - Black,gaming,**,Works well,5.0,2024-08-06,yes,** Works well,** Works well,0.2732,positive,positive
Sony PS4 PlayStation 4 Slim Console 500GB - Black,gaming,Perfect,It's original and long lasting,5.0,2023-02-07,yes,Perfect It's original and long lasting,Perfect It's original and long lasting,0.7184,positive,positive
Sony PS4 PlayStation 4 Slim Console 500GB - Black,gaming,Quality,Quality,5.0,2021-12-28,yes,Quality Quality,Quality Quality,0.0,neutral,positive
Sony PS4 PlayStation 4 Slim Console 500GB - Black,gaming,Best,It arrived in time and was perfect.Thanks Jumia for your services,5.0,2021-08-30,yes,Best It arrived in time and was perfect.Thanks Jumia for your services,Best It arrived in time and was perfect.Thanks Jumia for your services,0.6369,positive,positive
Sony PS4 PlayStation 4 Slim Console 500GB - Black,gaming,Recommendable,Awesome,5.0,2021-07-12,yes,Recommendable Awesome,Recommendable Awesome,0.6249,positive,positive
Sony PS4 PlayStation 4 Slim Console 500GB - Black,gaming,I love it,Perfect condition,5.0,2021-03-31,yes,I love it Perfect condition,I love it Perfect condition,0.836,positive,positive
Sony PS4 PlayStation 4 Slim Console 500GB - Black,gaming,ps4,Impeccable..the product was in pristine condition,5.0,2020-09-09,yes,ps4 Impeccable..the product was in pristine condition,ps4 Impeccable..the product was in pristine condition,0.0,neutral,positive
Sony PS4 PlayStation 4 Slim Console 500GB - Black,gaming,i like it,well delivered and works well no issue so far,5.0,2020-08-31,yes,i like it well delivered and works well no issue so far,i like it well delivered and works well no issue so far,0.5423,positive,positive
Sony PS4 PlayStation 4 Slim Console 500GB - Black,gaming,I love it,"Nice ps
For fast delivery
WhatsApp/Call us
0702552592",5.0,2020-07-30,yes,"I love it Nice ps
For fast delivery
WhatsApp/Call us
0702552592",I love it Nice ps For fast delivery WhatsApp/Call us 0702552592,0.7906,positive,positive
Sony PS4 PlayStation 4 Slim Console 500GB - Black,gaming,Good,Working well,4.0,2020-07-23,yes,Good Working well,Good Working well,0.6124,positive,positive
Pearl Earrings Hoop Earrings Set Punk Metal Drop Earrings 6 Pairs,fashion,so fake,"Improve on quality,it fades in two days",1.0,2024-12-27,yes,"so fake Improve on quality,it fades in two days","so fake Improve on quality,it fades in two days",-0.0553,negative,negative
Pearl Earrings Hoop Earrings Set Punk Metal Drop Earrings 6 Pairs,fashion,perfect????????,So beautiful exactly what I needed ????,5.0,2024-12-09,yes,perfect???????? So beautiful exactly what I needed ????,perfect???????? So beautiful exactly what I needed ????,0.7313,positive,positive
Pearl Earrings Hoop Earrings Set Punk Metal Drop Earrings 6 Pairs,fashion,failed,Pearl like things came already broken.,1.0,2024-11-29,yes,failed Pearl like things came already broken.,failed Pearl like things came already broken.,-0.5994,negative,negative
Pearl Earrings Hoop Earrings Set Punk Metal Drop Earrings 6 Pairs,fashion,Earrings,As it is in picture.Very beautiful and good material as compared to the price.,4.0,2024-11-19,yes,Earrings As it is in picture.Very beautiful and good material as compared to the price.,Earrings As it is in picture.Very beautiful and good material as compared to the price.,0.7783,positive,positive
Pearl Earrings Hoop Earrings Set Punk Metal Drop Earrings 6 Pairs,fashion,not that good,Very low quality,2.0,2024-10-11,yes,not that good Very low quality,not that good Very low quality,-0.5857,negative,negative
Pearl Earrings Hoop Earrings Set Punk Metal Drop Earrings 6 Pairs,fashion,I like it,I really liked it,5.0,2024-10-08,yes,I like it I really liked it,I like it I really liked it,0.6801,positive,positive
Pearl Earrings Hoop Earrings Set Punk Metal Drop Earrings 6 Pairs,fashion,I like it,Nice product,4.0,2024-03-12,yes,I like it Nice product,I like it Nice product,0.6486,positive,positive
Pearl Earrings Hoop Earrings Set Punk Metal Drop Earrings 6 Pairs,fashion,I love them,They are just as I expected,5.0,2024-02-06,yes,I love them They are just as I expected,I love them They are just as I expected,0.6369,positive,positive
Pearl Earrings Hoop Earrings Set Punk Metal Drop Earrings 6 Pairs,fashion,I love it,The pieces were more than I expected very good,5.0,2024-02-01,yes,I love it The pieces were more than I expected very good,I love it The pieces were more than I expected very good,0.8122,positive,positive
Pearl Earrings Hoop Earrings Set Punk Metal Drop Earrings 6 Pairs,fashion,fades,It faded within two weeks,2.0,2023-12-28,yes,fades It faded within two weeks,fades It faded within two weeks,0.0,neutral,negative
Mika Free Standing Cooker,appliances,Pathetic Product,"No value for money, description and what is delivered does not match, I wouldn’t recommend anyone to waste their money.",1.0,2025-06-17,yes,"Pathetic Product No value for money, description and what is delivered does not match, I wouldn’t recommend anyone to waste their money.","Pathetic Product No value for money, description and what is delivered does not match, I wouldn’t recommend anyone to waste their money.",-0.8131,negative,negative
Mika Free Standing Cooker,appliances,Working well so far,Great Service,5.0,2025-06-16,yes,Working well so far Great Service,Working well so far Great Service,0.7564,positive,positive
Mika Free Standing Cooker,appliances,Fast delivery,Fast delivery,5.0,2025-06-03,yes,Fast delivery Fast delivery,Fast delivery Fast delivery,0.0,neutral,positive
Mika Free Standing Cooker,appliances,amazing,Easy to operate,5.0,2025-04-24,yes,amazing Easy to operate,amazing Easy to operate,0.7717,positive,positive
Mika Free Standing Cooker,appliances,Disappointed and dissatisfied,"For electric plate, you must get an electrician to connect with power source, no plug in. Only one tray not 2 as noted. Basically, low quality. Seems weak too.",1.0,2025-02-04,yes,"Disappointed and dissatisfied For electric plate, you must get an electrician to connect with power source, no plug in. Only one tray not 2 as noted. Basically, low quality. Seems weak too.","Disappointed and dissatisfied For electric plate, you must get an electrician to connect with power source, no plug in. Only one tray not 2 as noted. Basically, low quality. Seems weak too.",-0.8979,negative,negative
Mika Free Standing Cooker,appliances,its the best i must say,"It's efficient,I absolutely love it",5.0,2024-12-09,yes,"its the best i must say It's efficient,I absolutely love it","its the best i must say It's efficient,I absolutely love it",0.8655,positive,positive
Mika Free Standing Cooker,appliances,I didn't expect this,It does  have the header to insert in the socket.how sure I'm i that I will get a original one with the market flooded with generics,1.0,2024-11-28,yes,I didn't expect this It does  have the header to insert in the socket.how sure I'm i that I will get a original one with the market flooded with generics,I didn't expect this It does  have the header to insert in the socket.how sure I'm i that I will get a original one with the market flooded with generics,0.5574,positive,negative
Mika Free Standing Cooker,appliances,quality,It is effective and good quality,5.0,2024-11-04,yes,quality It is effective and good quality,quality It is effective and good quality,0.7184,positive,positive
Mika Free Standing Cooker,appliances,performance,"Easy to operate, I love the color",4.0,2024-09-23,yes,"performance Easy to operate, I love the color","performance Easy to operate, I love the color",0.7964,positive,positive
Mika Free Standing Cooker,appliances,Good,Chicken rotisserie indicated in the features but not delivered with it.,4.0,2024-09-18,yes,Good Chicken rotisserie indicated in the features but not delivered with it.,Good Chicken rotisserie indicated in the features but not delivered with it.,0.2382,positive,positive
Nunix HD02 Fashion Hair Dryer,health and beauty,It's just fine.,"I don't think it's suitable for heavy duty, but it's ok for personal use. It'll dry your hair nicely but remember it doesn't come with it's guiding comp but looking at the price, you're good to go.",4.0,2025-06-12,yes,"It's just fine. I don't think it's suitable for heavy duty, but it's ok for personal use. It'll dry your hair nicely but remember it doesn't come with it's guiding comp but looking at the price, you're good to go.","It's just fine. I don't think it's suitable for heavy duty, but it's ok for personal use. It'll dry your hair nicely but remember it doesn't come with it's guiding comp but looking at the price, you're good to go.",0.8979,positive,positive
Nunix HD02 Fashion Hair Dryer,health and beauty,Hair dryer,Very efficient it dries wet hair very fast,4.0,2024-12-17,yes,Hair dryer Very efficient it dries wet hair very fast,Hair dryer Very efficient it dries wet hair very fast,0.4754,positive,positive
Nunix HD02 Fashion Hair Dryer,health and beauty,Not as Powerful,It's okay for drying but not straightening hair,3.0,2024-08-01,yes,Not as Powerful It's okay for drying but not straightening hair,Not as Powerful It's okay for drying but not straightening hair,-0.0557,negative,neutral
Rechargeable Metal Simple Style Hair Clipper,health and beauty,Hair Trimmer machine,clean shave,5.0,2025-06-19,yes,Hair Trimmer machine clean shave,Hair Trimmer machine clean shave,0.4019,positive,positive
Rechargeable Metal Simple Style Hair Clipper,health and beauty,I like it,The best,5.0,2025-06-18,yes,I like it The best,I like it The best,0.7717,positive,positive
Rechargeable Metal Simple Style Hair Clipper,health and beauty,I LIKE IT,ITS OWESOME.IS THERE  A  SILENT ONE?,1.0,2025-02-19,yes,I LIKE IT ITS OWESOME.IS THERE  A  SILENT ONE?,I LIKE IT ITS OWESOME.IS THERE  A  SILENT ONE?,0.3612,positive,negative
Rechargeable Metal Simple Style Hair Clipper,health and beauty,Hair Clipper,"Works well, though the best the blades are not adjustable.",3.0,2025-02-17,yes,"Hair Clipper Works well, though the best the blades are not adjustable.","Hair Clipper Works well, though the best the blades are not adjustable.",0.743,positive,neutral
Rechargeable Metal Simple Style Hair Clipper,health and beauty,hair clipper,Portable and easy to use.,5.0,2025-02-11,yes,hair clipper Portable and easy to use.,hair clipper Portable and easy to use.,0.4404,positive,positive
Lenovo Refurbished Thinkpad X250 Intel Core I5,computing,Nice,"Light, can be carried easily and works okay",5.0,2025-06-18,yes,"Nice Light, can be carried easily and works okay","Nice Light, can be carried easily and works okay",0.7269,positive,positive
Lenovo Refurbished Thinkpad X250 Intel Core I5,computing,good,Battery ???? last for 2 hrs,5.0,2025-06-13,yes,good Battery ???? last for 2 hrs,good Battery ???? last for 2 hrs,0.594,positive,positive
Lenovo Refurbished Thinkpad X250 Intel Core I5,computing,I like it,"The product was super good however it didn't match storage specifations as advertised it was lower,, disappointed in that however delivery speed was faster",3.0,2025-06-13,yes,"I like it The product was super good however it didn't match storage specifations as advertised it was lower,, disappointed in that however delivery speed was faster","I like it The product was super good however it didn't match storage specifations as advertised it was lower,, disappointed in that however delivery speed was faster",0.7351,positive,neutral
Lenovo Refurbished Thinkpad X250 Intel Core I5,computing,speed,Everything is good.,5.0,2025-06-12,yes,speed Everything is good.,speed Everything is good.,0.4404,positive,positive
Lenovo Refurbished Thinkpad X250 Intel Core I5,computing,I love it,I love it,5.0,2025-06-12,yes,I love it I love it,I love it I love it,0.8555,positive,positive
Lenovo Refurbished Thinkpad X250 Intel Core I5,computing,The processor and it’s battery life of 6040mah,"It’s a great Laptop and it’s portable in carrying it anywhere, thanks for speed arrival",5.0,2025-06-09,yes,"The processor and it’s battery life of 6040mah It’s a great Laptop and it’s portable in carrying it anywhere, thanks for speed arrival","The processor and it’s battery life of 6040mah It’s a great Laptop and it’s portable in carrying it anywhere, thanks for speed arrival",0.7906,positive,positive
Lenovo Refurbished Thinkpad X250 Intel Core I5,computing,delivered on time,so far so good.,5.0,2025-05-02,yes,delivered on time so far so good.,delivered on time so far so good.,0.6213,positive,positive
Lenovo Refurbished Thinkpad X250 Intel Core I5,computing,Good and working well,Nice laptop,5.0,2025-04-09,yes,Good and working well Nice laptop,Good and working well Nice laptop,0.7783,positive,positive
Lenovo Refurbished Thinkpad X250 Intel Core I5,computing,Quality,Its light and a good machine,5.0,2025-04-01,yes,Quality Its light and a good machine,Quality Its light and a good machine,0.4404,positive,positive
Lenovo Refurbished Thinkpad X250 Intel Core I5,computing,I like it,"It's exactly what I ordered, correct specs and as good as new.So far it's functioning very well.Jumia are legit.",5.0,2025-03-27,yes,"I like it It's exactly what I ordered, correct specs and as good as new.So far it's functioning very well.Jumia are legit.","I like it It's exactly what I ordered, correct specs and as good as new.So far it's functioning very well.Jumia are legit.",0.6597,positive,positive
