product_name,category,review_title,review_text,rating,review_date,verified,review_length,sentiment,rating_sentiment
Berrykey Hawaiian Shirt,fashion,not satisfied,the material is bad.not what i expected,1.0,2025-06-13,yes,7,neutral,negative
Berrykey Hawaiian Shirt,fashion,i like it,the quality is good. it's worth the price,5.0,2025-04-22,yes,8,positive,positive
Berrykey Hawaiian Shirt,fashion,quality of the fabric is poor,the size is extra big for the small size..then use better quality material,2.0,2024-10-03,yes,13,neutral,negative
Berrykey Hawaiian Shirt,fashion,"size ,material",nice and well prepared,5.0,2024-09-17,yes,4,positive,positive
Berrykey Hawaiian Shirt,fashion,shirt,good material but take a smaller size,5.0,2024-09-06,yes,7,positive,positive
Sonar stainless steel electric kettle,appliances,love it,so far so good just as ordered,4.0,2025-06-20,yes,7,positive,positive
Sonar stainless steel electric kettle,appliances,value for your money.,long cord. boils fast. no noise. fast delivery.,5.0,2025-06-19,yes,8,positive,positive
Sonar stainless steel electric kettle,appliances,kettle,"it's very nice, warms water for just 5 mns and it reaches boiling point",5.0,2025-06-19,yes,14,positive,positive
Sonar stainless steel electric kettle,appliances,it's awesome,most affordable electric kettle????????????,4.0,2025-06-19,yes,4,positive,positive
Sonar stainless steel electric kettle,appliances,could change,please change the plugs very weak.otherwise o,3.0,2025-06-19,yes,7,positive,neutral
Sonar stainless steel electric kettle,appliances,10/10,am enjoying it,5.0,2025-06-18,yes,3,positive,positive
Sonar stainless steel electric kettle,appliances,stick it together,adding the power cord,4.0,2025-06-18,yes,4,neutral,positive
Sonar stainless steel electric kettle,appliances,good,short time taken,5.0,2025-06-18,yes,3,neutral,positive
ASHION Fashion Casual Baseball Sweatshirt,fashion,average,it's okay for the price,3.0,2025-05-05,yes,5,positive,neutral
ASHION Fashion Casual Baseball Sweatshirt,fashion,good quality,good packaged,5.0,2024-12-11,yes,2,positive,positive
ASHION Fashion Casual Baseball Sweatshirt,fashion,i loved it,its fantastic,5.0,2024-12-09,yes,2,positive,positive
ASHION Fashion Casual Baseball Sweatshirt,fashion,i like it.,their products met my expectations.,5.0,2024-11-15,yes,5,neutral,positive
Official Trouser Pant,fashion,wrong order,i ordered a black one but didn't get it,3.0,2024-10-30,yes,9,negative,neutral
Official Trouser Pant,fashion,trouser pant black slim fit office wear,"good quality, fitting well a ccording to size selected",5.0,2024-08-13,yes,9,positive,positive
Official Trouser Pant,fashion,i love it,very good item,5.0,2024-08-07,yes,3,positive,positive
Official Trouser Pant,fashion,nice one,can feel light if you are not used to these type,5.0,2024-07-08,yes,11,positive,positive
Official Trouser Pant,fashion,i like it,was awesome,5.0,2024-05-27,yes,2,positive,positive
Official Trouser Pant,fashion,good,perfect ????????,5.0,2024-05-13,yes,2,positive,positive
Official Trouser Pant,fashion,trouser,somehow better,3.0,2024-03-19,yes,2,positive,neutral
Official Trouser Pant,fashion,i kinda liked it,too baggy but good,5.0,2024-03-05,yes,4,positive,positive
Official Trouser Pant,fashion,not fully satisfied,it's too bulky below the knees. had to incur other cost. when you say it's fit in let it be so,3.0,2024-02-01,yes,21,positive,neutral
Official Trouser Pant,fashion,sub standard,it's not of quality,1.0,2023-12-18,yes,4,neutral,negative
Elastic Belt Corset,fashion,perfectly,serves it's purpose so well,5.0,2025-02-17,yes,5,neutral,positive
Elastic Belt Corset,fashion,not satisfied,"doesn't fit the whole torso
divides tummy into two and had lose strap",1.0,2024-12-23,yes,13,positive,negative
Elastic Belt Corset,fashion,its good,can't complain,5.0,2024-12-13,yes,2,neutral,positive
Elastic Belt Corset,fashion,very comfortable,it's comfortable while wearing while going out,3.0,2024-11-15,yes,7,positive,neutral
Elastic Belt Corset,fashion,quality,its a nice product,4.0,2024-11-08,yes,4,positive,positive
Elastic Belt Corset,fashion,great,good quality,5.0,2024-08-14,yes,2,positive,positive
Machislet Bodycon Dress Shift,fashion,unique and stretchy,unique and stretchy,5.0,2025-06-19,yes,3,positive,positive
Machislet Bodycon Dress Shift,fashion,dress,the best i recommend it,4.0,2025-06-09,yes,5,positive,positive
Machislet Bodycon Dress Shift,fashion,material,"the material is good,, stretches well.
i love it.... packaging on fleek.. delivery was faster..",5.0,2025-05-27,yes,15,positive,positive
Machislet Bodycon Dress Shift,fashion,i like it,fits so well..just advertised,4.0,2025-05-05,yes,4,neutral,positive
Machislet Bodycon Dress Shift,fashion,good,great material,4.0,2025-05-02,yes,2,positive,positive
Machislet Bodycon Dress Shift,fashion,nice,exactly as it is on the picture,5.0,2025-03-17,yes,7,positive,positive
Machislet Bodycon Dress Shift,fashion,great dress,good quality,5.0,2025-03-03,yes,2,positive,positive
High Waist Jeans Body Shape,fashion,high waist jeans body shape,exact what i ordered,4.0,2025-01-31,yes,4,positive,positive
High Waist Jeans Body Shape,fashion,supper n exactly what i ordered for,just what i wanted,5.0,2022-08-11,yes,4,neutral,positive
High Waist Jeans Body Shape,fashion,they’re ok,they’re good.,4.0,2022-05-11,yes,2,positive,positive
High Waist Jeans Body Shape,fashion,place to be,jumia is the best place you can buy anything  you  want,5.0,2021-12-14,yes,11,positive,positive
Seamless Shapewear Bodysuit,fashion,bodysuit,it doesn't work it's just like a vest????,2.0,2025-04-22,yes,8,neutral,negative
Seamless Shapewear Bodysuit,fashion,doesnt hold,"too loose, doesn't hold anything",3.0,2024-12-23,yes,5,neutral,neutral
Seamless Shapewear Bodysuit,fashion,not the best,don't like material,1.0,2024-12-02,yes,3,neutral,negative
Seamless Shapewear Bodysuit,fashion,amazing,very nice and comfortable,5.0,2024-11-15,yes,4,positive,positive
Seamless Shapewear Bodysuit,fashion,review,it losses elasticity so quick,3.0,2024-11-08,yes,5,positive,neutral
Mateamoda Women Shoes Sandals Heels,fashion,ilike them they are beautiful,i can send my pic wearing them,1.0,2025-06-16,yes,7,neutral,negative
Mateamoda Women Shoes Sandals Heels,fashion,i don't like it,fragile making,2.0,2025-06-12,yes,2,neutral,negative
Mateamoda Women Shoes Sandals Heels,fashion,i like it but,"if you have to buy these heels, kindly take a size bigger because the heel is a smaller fitting.",5.0,2025-05-07,yes,19,positive,positive
Mateamoda Women Shoes Sandals Heels,fashion,good,they are as the picture,5.0,2025-05-05,yes,5,neutral,positive
Mateamoda Women Shoes Sandals Heels,fashion,classy,they are of good quality,5.0,2025-04-22,yes,5,positive,positive
Mateamoda Women Shoes Sandals Heels,fashion,goodvone,"its best, what you order is what you get",5.0,2025-04-11,yes,9,positive,positive
Mateamoda Women Shoes Sandals Heels,fashion,i love it,good quality,5.0,2025-04-04,yes,2,positive,positive
Mateamoda Women Shoes Sandals Heels,fashion,absolutely perfect,exactly what i expected,5.0,2025-03-28,yes,4,neutral,positive
Mateamoda Women Shoes Sandals Heels,fashion,nice product,product was delivered perfectly just what i expected,5.0,2025-03-27,yes,8,positive,positive
Mateamoda Women Shoes Sandals Heels,fashion,ladies sandals,i got exactly what i anticipated while ordering them,5.0,2025-02-20,yes,9,positive,positive
ALagzi 2025 Mens Casual High-Top Shoes,fashion,real,"shouting ,so amazing",5.0,2025-06-16,yes,3,positive,positive
ALagzi 2025 Mens Casual High-Top Shoes,fashion,material,comfortable,5.0,2025-05-21,yes,1,positive,positive
ALagzi 2025 Mens Casual High-Top Shoes,fashion,torn out day one,torn out day one,2.0,2025-05-19,yes,4,neutral,negative
ALagzi 2025 Mens Casual High-Top Shoes,fashion,nice one ever,best quality,5.0,2025-05-16,yes,2,positive,positive
ALagzi 2025 Mens Casual High-Top Shoes,fashion,i love it,the best boots designed for all wether,5.0,2025-04-22,yes,7,positive,positive
ALagzi 2025 Mens Casual High-Top Shoes,fashion,sneakers best,the color and the final product is just amazing,5.0,2025-04-16,yes,9,positive,positive
ALagzi 2025 Mens Casual High-Top Shoes,fashion,yes,better but low quantity product,3.0,2025-03-25,yes,5,positive,neutral
VON VRT-195DRHS Double Door Direct Cool,appliances,it’s silent you can’t tell if it’s on,fitted perfectly in my kitchen,5.0,2025-06-17,yes,5,positive,positive
VON VRT-195DRHS Double Door Direct Cool,appliances,von-vrr-195rhs,"so far working fine, no trouble. it has some noise that's non-uniform from the freezer compartment, but i am still using it, i am not sure if that is something to worry about in the long run.",5.0,2025-06-16,yes,37,neutral,positive
VON VRT-195DRHS Double Door Direct Cool,appliances,von is it!,i actually love it. has zero noise. delivery was so in time (mind you im in kakamega). its worth every penny of your savings!,5.0,2025-06-09,yes,24,positive,positive
VON VRT-195DRHS Double Door Direct Cool,appliances,amazing product,the best and no noise and so spacious and i love the colour,5.0,2025-06-09,yes,13,positive,positive
VON VRT-195DRHS Double Door Direct Cool,appliances,perfect buy,large freezer storage...and it is efficient and pretty❤️❤️❤️ we love it,5.0,2025-06-05,yes,11,positive,positive
VON VRT-195DRHS Double Door Direct Cool,appliances,nice product,"nice product,no noise",5.0,2025-06-03,yes,3,positive,positive
VON VRT-195DRHS Double Door Direct Cool,appliances,von 195l,freezer space,5.0,2025-06-03,yes,2,neutral,positive
VON VRT-195DRHS Double Door Direct Cool,appliances,i liked it,fast delivery,4.0,2025-06-03,yes,2,positive,positive
VON VRT-195DRHS Double Door Direct Cool,appliances,happy,"b4 ordering the product i always go through the comments coz it helps me make the decision whether to buy it or not...if u come across this one....
my friend u will love the product....its been a week and so far so go....100% recommend",5.0,2025-06-03,yes,44,positive,positive
VON VRT-195DRHS Double Door Direct Cool,appliances,comment,"fast delivery.good product,working perfectly well.spacious freezing compartment.",5.0,2025-05-30,yes,7,positive,positive
Ramtons RM/458 - Digital Glass Microwave,appliances,quality,the product looks good.a day in use and it's working well.monitoring this so as to buy another one and gift a friend.,5.0,2025-06-19,yes,22,neutral,positive
Ramtons RM/458 - Digital Glass Microwave,appliances,used it for a week now and it's good,working well!,5.0,2025-06-19,yes,2,neutral,positive
Ramtons RM/458 - Digital Glass Microwave,appliances,i love it,definetly recommend this brand it works really well also very stylish addition to the kitchen!,5.0,2025-06-13,yes,15,positive,positive
Ramtons RM/458 - Digital Glass Microwave,appliances,i like it,works perfectly well... i recommend it any time any day,4.0,2025-06-10,yes,10,positive,positive
Ramtons RM/458 - Digital Glass Microwave,appliances,liiike!!,good buy ...,4.0,2025-06-09,yes,3,positive,positive
Ramtons RM/458 - Digital Glass Microwave,appliances,amazing,"the product is just as advertised, fast delivery and is very silent. would recommend",5.0,2025-06-09,yes,14,neutral,positive
Ramtons RM/458 - Digital Glass Microwave,appliances,good,make the wire cord longer,5.0,2025-06-05,yes,5,neutral,positive
Ramtons RM/458 - Digital Glass Microwave,appliances,it works,it works well,4.0,2025-06-05,yes,3,neutral,positive
Ramtons RM/458 - Digital Glass Microwave,appliances,power,"it's good, only that its power is a bit low. it takes longer to heat up food/drinks",4.0,2025-05-30,yes,17,positive,positive
Ramtons RM/458 - Digital Glass Microwave,appliances,i like it,it’s what i always wanted,4.0,2025-05-27,yes,5,neutral,positive
VON VALS-75BWY Twin Tub Washing Machine,appliances,honestly it's just okay for middle class..,it's awesome it does the work. i was abit worried kama itangarisha nguo. it's affordable and work very fine...,4.0,2025-06-19,yes,19,positive,positive
VON VALS-75BWY Twin Tub Washing Machine,appliances,washing machine,it works well. no back and forth.. at least no more stress.,5.0,2025-06-18,yes,12,negative,positive
VON VALS-75BWY Twin Tub Washing Machine,appliances,the product is good,like it thanks ????,5.0,2025-06-18,yes,4,positive,positive
VON VALS-75BWY Twin Tub Washing Machine,appliances,i like it,it works soo nice,5.0,2025-06-17,yes,4,positive,positive
VON VALS-75BWY Twin Tub Washing Machine,appliances,washing machine,the package performs well,5.0,2025-06-17,yes,4,neutral,positive
VON VALS-75BWY Twin Tub Washing Machine,appliances,not bad,works well only downside is the fact that it did not come with the water filter as von should,4.0,2025-06-16,yes,19,neutral,positive
VON VALS-75BWY Twin Tub Washing Machine,appliances,its the best choice to make,it is friendly in terms of power consumption and in laundry,5.0,2025-06-16,yes,11,positive,positive
VON VALS-75BWY Twin Tub Washing Machine,appliances,iko freshi,iko tu sawa,5.0,2025-06-16,yes,3,neutral,positive
VON VALS-75BWY Twin Tub Washing Machine,appliances,its very nice,"it saves power,",5.0,2025-06-13,yes,3,neutral,positive
VON VALS-75BWY Twin Tub Washing Machine,appliances,nice & lovely!!!,nice & lovely!!!,5.0,2025-06-12,yes,3,positive,positive
ElectroMate Dry Iron Box,appliances,its good,its fantastic works,5.0,2025-06-19,yes,3,positive,positive
ElectroMate Dry Iron Box,appliances,timely deliverly,timely delivery,5.0,2025-06-17,yes,2,neutral,positive
ElectroMate Dry Iron Box,appliances,good,it does not overheat.,5.0,2025-06-16,yes,4,neutral,positive
ElectroMate Dry Iron Box,appliances,easy to use,"i just love it ???? simple ???? 
it's really good. and it cools down the heat when it gets too  hot",5.0,2025-06-16,yes,21,positive,positive
ElectroMate Dry Iron Box,appliances,i love it.. functioning  well.,the product is functioning well and it's  easy to regulate  based on the materials of the fabric. the power cord is slightly short  but can serve the purpose intended.,5.0,2025-06-13,yes,29,positive,positive
ElectroMate Dry Iron Box,appliances,its just advertised,arrived on time,5.0,2025-06-13,yes,3,neutral,positive
ElectroMate Dry Iron Box,appliances,good cheap offer,good for the price and okay,5.0,2025-06-12,yes,6,positive,positive
ElectroMate Dry Iron Box,appliances,well wrapped,"so far so good,",4.0,2025-06-12,yes,4,positive,positive
ElectroMate Dry Iron Box,appliances,the cable is too short improve on it .,increase the cable wire,2.0,2025-06-11,yes,4,neutral,negative
ElectroMate Dry Iron Box,appliances,i like it,good quality,5.0,2025-06-11,yes,2,positive,positive
Rashnik RN-2451B Hot And Normal Stand Alone Dispenser,appliances,i like it.,it is simple to operate and works perfectly fine.,5.0,2025-06-20,yes,9,positive,positive
Rashnik RN-2451B Hot And Normal Stand Alone Dispenser,appliances,it’s rather small.,it’s rather small,2.0,2025-06-19,yes,3,negative,negative
Rashnik RN-2451B Hot And Normal Stand Alone Dispenser,appliances,met expectations,met expectations. fairly priced.,5.0,2025-06-13,yes,4,positive,positive
Rashnik RN-2451B Hot And Normal Stand Alone Dispenser,appliances,working well,"ensure transporting it carefully, it was  somehow scratched",5.0,2025-06-13,yes,8,neutral,positive
Rashnik RN-2451B Hot And Normal Stand Alone Dispenser,appliances,works well. i like it,lightweight but serves its purpose,5.0,2025-06-03,yes,5,neutral,positive
Rashnik RN-2451B Hot And Normal Stand Alone Dispenser,appliances,i like the product,"the packaging is nice
qiuck delivery
good quality",5.0,2025-05-08,yes,8,positive,positive
Rashnik RN-2451B Hot And Normal Stand Alone Dispenser,appliances,not perfect,"does not make water hot, i'm disappointed ☹️",1.0,2025-05-06,yes,8,negative,negative
Rashnik RN-2451B Hot And Normal Stand Alone Dispenser,appliances,so far so goood,yeah.. if there was a cold one too,3.0,2025-02-13,yes,8,negative,neutral
Rashnik RN-2451B Hot And Normal Stand Alone Dispenser,appliances,just ok,improve on quality,4.0,2025-01-21,yes,3,neutral,positive
Ramtons RM/399-corded Electric Kettle,appliances,its quality ????,it's serving the purpose,5.0,2025-06-20,yes,4,neutral,positive
Ramtons RM/399-corded Electric Kettle,appliances,works perfectly,this is your sign to get this electric jug,5.0,2025-06-18,yes,9,neutral,positive
Ramtons RM/399-corded Electric Kettle,appliances,convenient,"heats fast, less power consumption",5.0,2025-06-18,yes,5,neutral,positive
Ramtons RM/399-corded Electric Kettle,appliances,was not disaponted,the best ????,5.0,2025-06-18,yes,3,positive,positive
Ramtons RM/399-corded Electric Kettle,appliances,cable,yes the cable to be removable,3.0,2025-06-17,yes,6,neutral,neutral
Ramtons RM/399-corded Electric Kettle,appliances,well packed,working  well,5.0,2025-06-17,yes,2,neutral,positive
Ramtons RM/399-corded Electric Kettle,appliances,ramtons  electric kettle,it heats water really fast. worth buying,5.0,2025-06-16,yes,7,positive,positive
Lyons YT-138 Blender 2 In 1,appliances,satisfied,it is working as expected,4.0,2025-06-18,yes,5,neutral,positive
Lyons YT-138 Blender 2 In 1,appliances,good quality and cost effective,so far loving it's serving the purpose well though its noisy.i recommend it.,5.0,2025-06-17,yes,13,positive,positive
Lyons YT-138 Blender 2 In 1,appliances,"i like,love it",everything ????,5.0,2025-06-16,yes,2,neutral,positive
Lyons YT-138 Blender 2 In 1,appliances,good but it produce too much noise,the noise is too much,5.0,2025-06-13,yes,5,positive,positive
Lyons YT-138 Blender 2 In 1,appliances,blender,works perfectly,4.0,2025-06-12,yes,2,positive,positive
Lyons YT-138 Blender 2 In 1,appliances,great,good as advertised,5.0,2025-06-10,yes,3,positive,positive
Lyons YT-138 Blender 2 In 1,appliances,efficient,works efficiently for home use...,5.0,2025-06-09,yes,5,neutral,positive
Lyons YT-138 Blender 2 In 1,appliances,using this machine,"it's well made that cannot spoil first ,i can recommend people to buy .but mnipatie sawadi ya fridge",5.0,2025-06-09,yes,18,positive,positive
Lyons YT-138 Blender 2 In 1,appliances,the design,it's working very smoothly,5.0,2025-06-03,yes,4,positive,positive
AILYONS SB501 2.1CH Sound Bar SubWoofer,tvs and audios,i like it,the price matches the product.,5.0,2025-06-16,yes,5,neutral,positive
AILYONS SB501 2.1CH Sound Bar SubWoofer,tvs and audios,quality product,add fm radio,4.0,2025-06-12,yes,3,neutral,positive
AILYONS SB501 2.1CH Sound Bar SubWoofer,tvs and audios,good,worth the price,4.0,2025-06-09,yes,3,positive,positive
AILYONS SB501 2.1CH Sound Bar SubWoofer,tvs and audios,boom,what a machine!,5.0,2025-06-09,yes,3,neutral,positive
AILYONS SB501 2.1CH Sound Bar SubWoofer,tvs and audios,bluetooth connectivity,"the sound, when connected to a smart tv via bluetooth, goes silent for short periods of time without any prompting, which is an inconvenient design/performance flaw.",3.0,2025-06-04,yes,26,neutral,neutral
AILYONS SB501 2.1CH Sound Bar SubWoofer,tvs and audios,good,no complaints here.,4.0,2025-05-16,yes,3,neutral,positive
AILYONS SB501 2.1CH Sound Bar SubWoofer,tvs and audios,bass is wow,"worth the prices, it exceeded my expectations",5.0,2025-05-05,yes,7,positive,positive
Vitron V400 2.1Ch Bluetooth Speaker System,tvs and audios,good and sustainable,its good for the amount of cash sold,4.0,2025-06-16,yes,8,positive,positive
Vitron V400 2.1Ch Bluetooth Speaker System,tvs and audios,awesome,met my expectation,4.0,2025-06-09,yes,3,neutral,positive
Vitron V400 2.1Ch Bluetooth Speaker System,tvs and audios,good,always smart with good sound,5.0,2025-05-16,yes,5,positive,positive
Vitron V400 2.1Ch Bluetooth Speaker System,tvs and audios,excellent quality,i loved the product ????????,5.0,2025-05-05,yes,5,positive,positive
Itel BudsNeo 3 ANC Wireless Bluetooth Earphone,phones and tablets,superb,"well balanced equalised bass and tone,",5.0,2025-06-20,yes,6,negative,positive
Itel BudsNeo 3 ANC Wireless Bluetooth Earphone,phones and tablets,battery life,relatively good sound and great battery life,5.0,2025-06-20,yes,7,positive,positive
Itel BudsNeo 3 ANC Wireless Bluetooth Earphone,phones and tablets,i love it,"you get exactly what is advertised there. my advice is this, always buy electronics from official stores because they have a warranty. the pods sre are wonderful. the bass is super abd battery is truly wonderful. sijawahi charge. this is week 3????",5.0,2025-06-19,yes,42,positive,positive
Itel BudsNeo 3 ANC Wireless Bluetooth Earphone,phones and tablets,battery life,are they not supposed to be charged? my third week without charging now ????????,5.0,2025-06-17,yes,14,neutral,positive
Itel BudsNeo 3 ANC Wireless Bluetooth Earphone,phones and tablets,perfection,bought it for the sound ???? and the long play time without frequent charging ????,5.0,2025-06-16,yes,15,positive,positive
Itel BudsNeo 3 ANC Wireless Bluetooth Earphone,phones and tablets,good,the touch pad is too sensitive when lying down. audio quality is good and battery is perfect,4.0,2025-06-12,yes,17,positive,positive
Itel BudsNeo 3 ANC Wireless Bluetooth Earphone,phones and tablets,best,what imperessed me the most is the battery life.,4.0,2025-06-11,yes,9,positive,positive
Itel BudsNeo 3 ANC Wireless Bluetooth Earphone,phones and tablets,power,"the buds have quality sound. 
the only problem is that if they turn off, you cannot turn them back on without putting them back in the case.",4.0,2025-06-05,yes,27,neutral,positive
Itel BudsNeo 3 ANC Wireless Bluetooth Earphone,phones and tablets,itel,music wise the buds are excellent... the problem is when am making calls..so much noise on the other end,4.0,2025-06-03,yes,19,positive,positive
Itel BudsNeo 3 ANC Wireless Bluetooth Earphone,phones and tablets,ite budsneo 3,still enjoying my earbuds.the sound is okey and they keep charge for long.,4.0,2025-06-03,yes,13,positive,positive
Boy Boyurn-Down Collor Top + Shorts,fashion,clothe,my nephew is rocking in it,5.0,2025-06-04,yes,6,neutral,positive
Boy Boyurn-Down Collor Top + Shorts,fashion,perfect,not bad.. i liked it,4.0,2024-12-24,yes,5,positive,positive
Boy Boyurn-Down Collor Top + Shorts,fashion,quality,"not the perfect quality,but it's great and looks very nice. will definitely buy again",4.0,2024-09-23,yes,14,positive,positive
Boy Boyurn-Down Collor Top + Shorts,fashion,price,should be cheaper. not bad though.,3.0,2024-08-23,yes,6,positive,neutral
Boy Boyurn-Down Collor Top + Shorts,fashion,superb!!!,"loved it, nice quality and heavy fabric.",5.0,2024-08-12,yes,7,positive,positive
Boy Boyurn-Down Collor Top + Shorts,fashion,quality,"the outfit is awesome????, quality top notch????. please restock 3-4yrs",5.0,2024-07-04,yes,10,positive,positive
Kids Girl 2PCS Puff Sleeve Top Floral Dresses,fashion,best,looks good on my babygirl,5.0,2025-05-27,yes,5,positive,positive
Kids Girl 2PCS Puff Sleeve Top Floral Dresses,fashion,poor quality  &  poor packing,very light...i didn't expect it that way....too expensive but poor quality,1.0,2025-05-02,yes,11,negative,negative
Kids Girl 2PCS Puff Sleeve Top Floral Dresses,fashion,material used,poor quality,2.0,2025-04-22,yes,2,negative,negative
Kids Girl 2PCS Puff Sleeve Top Floral Dresses,fashion,colour,the colour  match and how it fits,5.0,2025-04-07,yes,7,neutral,positive
Kids Girl 2PCS Puff Sleeve Top Floral Dresses,fashion,loved it,it fit perfectly and was exactly what i ordered,5.0,2025-02-24,yes,9,positive,positive
Kids Girl 2PCS Puff Sleeve Top Floral Dresses,fashion,love it.,the product is good.,4.0,2024-12-24,yes,4,positive,positive
Kids Girl 2PCS Puff Sleeve Top Floral Dresses,fashion,beautiful dress,daughter rocked it at a birthday party,5.0,2024-11-07,yes,7,neutral,positive
Garnier Even & Matte Vitamin C Booster Serum,health and beauty,serum,it was what i ordered,4.0,2025-06-21,yes,5,neutral,positive
Garnier Even & Matte Vitamin C Booster Serum,health and beauty,it works,reduces white heads significantly,5.0,2025-06-21,yes,4,positive,positive
Garnier Even & Matte Vitamin C Booster Serum,health and beauty,god sent.,"smooth face, even tone. everything good ????",5.0,2025-06-19,yes,7,positive,positive
Garnier Even & Matte Vitamin C Booster Serum,health and beauty,product quality,i got one of the twin packs being half. not sure how that happened,3.0,2025-06-18,yes,14,negative,neutral
Garnier Even & Matte Vitamin C Booster Serum,health and beauty,functionality,it's not doing what it says it does,1.0,2025-06-16,yes,8,neutral,negative
Garnier Even & Matte Vitamin C Booster Serum,health and beauty,product effectiveness,"it really giving the even skin tone, but for darks it's not clearing been using for months and still have dark spots",3.0,2025-06-13,yes,22,neutral,neutral
Garnier Even & Matte Vitamin C Booster Serum,health and beauty,garniervitamin c serum,best serum ever,5.0,2025-06-13,yes,3,positive,positive
Garnier Even & Matte Vitamin C Booster Serum,health and beauty,i like it,it really works,5.0,2025-06-09,yes,3,positive,positive
Garnier Even & Matte Vitamin C Booster Serum,health and beauty,the best serum,"this is by far the best serum!!! brightens, not harsh on skin, very good scent and it gives the glow ????",5.0,2025-06-09,yes,21,positive,positive
Garnier Even & Matte Vitamin C Booster Serum,health and beauty,i like it,"it's good. am on my 2nd bottle, and i have received comments that my skin is looking good. it has really brightened my skin, in a non-bleavhing way. just glowy!",5.0,2025-06-07,yes,30,positive,positive
Women's Bag Literary Single-Shoulder Bag,fashion,the strap,the strap of the bag broke on the first day of using it,3.0,2025-02-17,yes,13,positive,neutral
Women's Bag Literary Single-Shoulder Bag,fashion,its too small....would be nicer if it was bigger,you should add a zipper so that it's more secure,2.0,2024-11-18,yes,10,positive,negative
Women's Bag Literary Single-Shoulder Bag,fashion,good,should include at least one more zipped inside to separate things,4.0,2024-11-18,yes,11,neutral,positive
Women's Bag Literary Single-Shoulder Bag,fashion,it's really nice,it's strong and cute,5.0,2024-11-15,yes,4,positive,positive
Women's Bag Literary Single-Shoulder Bag,fashion,good purchase,for the price it's a actually a good purchase,4.0,2024-11-11,yes,9,positive,positive
Women's Bag Literary Single-Shoulder Bag,fashion,i like it.,came as just shown on the picture.,4.0,2024-11-11,yes,7,neutral,positive
Women's Bag Literary Single-Shoulder Bag,fashion,i like it,"quite small, but serves the purpose",4.0,2024-11-11,yes,6,negative,positive
Women's Bag Literary Single-Shoulder Bag,fashion,angeline,"too small, poor packaging and very light straps",1.0,2024-11-11,yes,8,neutral,negative
Women's Bag Literary Single-Shoulder Bag,fashion,the bag was beautiful..i loved it ????,"but it was not well packaged 
it was packaged with a transparent paper",1.0,2024-10-24,yes,13,neutral,negative
Hot And Normal Stand Alone Dispenser (Black),appliances,i like it.,it is simple to operate and works perfectly fine.,5.0,2025-06-20,yes,9,positive,positive
Hot And Normal Stand Alone Dispenser (Black),appliances,it’s rather small.,it’s rather small,2.0,2025-06-19,yes,3,negative,negative
Hot And Normal Stand Alone Dispenser (Black),appliances,met expectations,met expectations. fairly priced.,5.0,2025-06-13,yes,4,positive,positive
Hot And Normal Stand Alone Dispenser (Black),appliances,working well,"ensure transporting it carefully, it was  somehow scratched",5.0,2025-06-13,yes,8,neutral,positive
Hot And Normal Stand Alone Dispenser (Black),appliances,works well. i like it,lightweight but serves its purpose,5.0,2025-06-03,yes,5,neutral,positive
Hot And Normal Stand Alone Dispenser (Black),appliances,i like the product,"the packaging is nice
qiuck delivery
good quality",5.0,2025-05-08,yes,8,positive,positive
Hot And Normal Stand Alone Dispenser (Black),appliances,not perfect,"does not make water hot, i'm disappointed ☹️",1.0,2025-05-06,yes,8,negative,negative
Hot And Normal Stand Alone Dispenser (Black),appliances,so far so goood,yeah.. if there was a cold one too,3.0,2025-02-13,yes,8,negative,neutral
Hot And Normal Stand Alone Dispenser (Black),appliances,just ok,improve on quality,4.0,2025-01-21,yes,3,neutral,positive
Vitron V527 - 2.1 CH Multimedia Speaker,tvs and audios,perfect,it's working just fine,5.0,2025-06-18,yes,4,positive,positive
Vitron V527 - 2.1 CH Multimedia Speaker,tvs and audios,speakers,speakers should be wireless,4.0,2025-06-17,yes,4,neutral,positive
Vitron V527 - 2.1 CH Multimedia Speaker,tvs and audios,best music system,perfect system,5.0,2025-06-17,yes,2,positive,positive
Vitron V527 - 2.1 CH Multimedia Speaker,tvs and audios,sound and its simplicity,it's super cool,5.0,2025-06-13,yes,3,positive,positive
Vitron V527 - 2.1 CH Multimedia Speaker,tvs and audios,amazing,the sound is amazing,5.0,2025-06-13,yes,4,positive,positive
Vitron V527 - 2.1 CH Multimedia Speaker,tvs and audios,fairly good,the humming sound on standby mode irritating,3.0,2025-06-11,yes,7,neutral,neutral
Vitron V527 - 2.1 CH Multimedia Speaker,tvs and audios,just keep the good work.,the package has reached safely  and is  good,4.0,2025-06-11,yes,8,positive,positive
Vitron V527 - 2.1 CH Multimedia Speaker,tvs and audios,what i like with vitron speakers,they beat so nice,5.0,2025-06-10,yes,4,positive,positive
Couple Canvas Low Top Lace-up Shoes,fashion,canvas,you know something is good when you buy it twice,5.0,2025-06-17,yes,10,positive,positive
Couple Canvas Low Top Lace-up Shoes,fashion,ever lasting,nice one????,5.0,2025-06-16,yes,2,positive,positive
Couple Canvas Low Top Lace-up Shoes,fashion,cn,as advertised,5.0,2025-06-15,yes,2,neutral,positive
Couple Canvas Low Top Lace-up Shoes,fashion,liked it,"i'm happy with the shoes. they arrived on time, and the quality is good. they're also very comfortable. definitely worth it.",5.0,2025-06-11,yes,21,positive,positive
Couple Canvas Low Top Lace-up Shoes,fashion,good,it's a good product,5.0,2025-05-28,yes,4,positive,positive
Couple Canvas Low Top Lace-up Shoes,fashion,smallsize,always go for a size bigger,5.0,2025-05-27,yes,6,neutral,positive
Couple Canvas Low Top Lace-up Shoes,fashion,good,good quality. but order a bigger size,5.0,2025-05-19,yes,7,positive,positive
Couple Canvas Low Top Lace-up Shoes,fashion,best,best thing i got on jumia,5.0,2025-05-13,yes,6,positive,positive
Couple Canvas Low Top Lace-up Shoes,fashion,loved it,very good quality,5.0,2025-04-30,yes,3,positive,positive
Tecno CAMON 30S,phones and tablets,nice,value for money,5.0,2025-01-02,yes,3,neutral,positive
Tecno CAMON 30S,phones and tablets,missing earphones,the earphones were missing but i realized after picking and leaving the pickups point,2.0,2024-12-02,yes,14,negative,negative
Tecno CAMON 30S,phones and tablets,good phone,"the display doesn't look amoled, camera is ok but the phone is gorgeous and the processor is snappy.",4.0,2024-11-07,yes,18,positive,positive
Tecno CAMON 30S,phones and tablets,the best ahead of the rest,"good quality, good resolution, and everything is perfect boom",5.0,2024-11-04,yes,9,positive,positive
Fast Charging 10000mAh Power Charging Bank,phones and tablets,it is not that good,the battery does not last long,3.0,2025-06-19,yes,6,neutral,neutral
Fast Charging 10000mAh Power Charging Bank,phones and tablets,good in deed,quality and strong in charging mobile phone,5.0,2025-06-18,yes,7,positive,positive
Fast Charging 10000mAh Power Charging Bank,phones and tablets,not as per the user needs,it drains so fast,2.0,2025-06-16,yes,4,positive,negative
Fast Charging 10000mAh Power Charging Bank,phones and tablets,i like it,it works okay,4.0,2025-06-16,yes,3,positive,positive
Fast Charging 10000mAh Power Charging Bank,phones and tablets,i love it,it worth the money it works perfect,5.0,2025-06-13,yes,7,positive,positive
Fast Charging 10000mAh Power Charging Bank,phones and tablets,soo fake,not working it powers of within 5 minutes must return,1.0,2025-06-11,yes,10,neutral,negative
Fast Charging 10000mAh Power Charging Bank,phones and tablets,trust and convinience,the best online shopping ????. jumia the best. trusted and honest plus good delivery on time,5.0,2025-06-10,yes,16,positive,positive
Fast Charging 10000mAh Power Charging Bank,phones and tablets,i like it,good and fantastic,5.0,2025-06-05,yes,3,positive,positive
Fast Charging 10000mAh Power Charging Bank,phones and tablets,i don't like it,it's not even charge phone twice,1.0,2025-06-03,yes,6,neutral,negative
Fast Charging 10000mAh Power Charging Bank,phones and tablets,like it,the process was was smooth and tracking the product is as expected,4.0,2025-06-03,yes,12,positive,positive
RichRipple 3-Cables Portable Power Bank,phones and tablets,good,by giving more offer,4.0,2025-06-16,yes,4,positive,positive
RichRipple 3-Cables Portable Power Bank,phones and tablets,non-functional power bank,"used it once, fully charged but couldn't charge the phone even to 50%. then it failed completely 
. total waste of money",1.0,2025-06-16,yes,22,negative,negative
RichRipple 3-Cables Portable Power Bank,phones and tablets,i like it,serves its purpose well,4.0,2025-06-12,yes,4,neutral,positive
RichRipple 3-Cables Portable Power Bank,phones and tablets,quality,it's just too good.... i like it,5.0,2025-06-11,yes,7,positive,positive
RichRipple 3-Cables Portable Power Bank,phones and tablets,amaizing,"out off all the rest i have bought, this one is very very legit and amaizing! for the iphone cable tends to stop working after around 5-6 months but it is very nice",4.0,2025-06-10,yes,33,positive,positive
RichRipple 3-Cables Portable Power Bank,phones and tablets,dislike,it can not charge 2 phone to full,3.0,2025-06-09,yes,8,positive,neutral
RichRipple 3-Cables Portable Power Bank,phones and tablets,about powerbank,charging just one phone and that's,3.0,2025-06-03,yes,6,neutral,neutral
RichRipple 3-Cables Portable Power Bank,phones and tablets,like it,i love it ..,5.0,2025-05-27,yes,4,positive,positive
RichRipple 3-Cables Portable Power Bank,phones and tablets,i like it,the product is working well and the price i couldnt believe it!,5.0,2025-05-27,yes,12,neutral,positive
"C Idea Adults Tablets, 10 Inches Android 12",phones and tablets,implove on,long lasting battery,5.0,2025-06-03,yes,3,neutral,positive
"C Idea Adults Tablets, 10 Inches Android 12",phones and tablets,old os,the system cannot support wegl,2.0,2025-04-23,yes,5,neutral,negative
"C Idea Adults Tablets, 10 Inches Android 12",phones and tablets,i dont like it,"i can not conect the usb stick with no adapter, many things i can not install",2.0,2025-04-14,yes,16,positive,negative
"C Idea Adults Tablets, 10 Inches Android 12",phones and tablets,i like it,works well for basic tasks..try to improve its processor.,5.0,2025-03-20,yes,9,neutral,positive
"C Idea Adults Tablets, 10 Inches Android 12",phones and tablets,battery+memory,"nice product for the amount of money,
but the battery is very poor for a 10000ah,
and an app i installed says 8gb+64gb,
its rating 512gb,now i don't know who to trust!",3.0,2025-02-24,yes,32,neutral,neutral
"C Idea Adults Tablets, 10 Inches Android 12",phones and tablets,i don't like it,the usb-c charging port is loose. it does not hold the charging cable & adapter*1.,2.0,2025-02-12,yes,15,neutral,negative
"C Idea Adults Tablets, 10 Inches Android 12",phones and tablets,i feel cheated,"the storage of 512gb is not as stated. it is 1/8 of 512. here, i feel cheated. no one will be happy about this.",2.0,2025-01-03,yes,24,positive,negative
"C Idea Adults Tablets, 10 Inches Android 12",phones and tablets,compactibility,user friendly,5.0,2025-01-02,yes,2,positive,positive
"C Idea Adults Tablets, 10 Inches Android 12",phones and tablets,6/10,the charger isn't charging well and the blue tooth speaker isn't working. otherwise the tablet is good.,3.0,2024-12-17,yes,17,positive,neutral
"C Idea CM828,8 Inch,8GB RAM 512GB ROM",phones and tablets,i like it,good love the 5g network compatibility and storage though i did not receive some of the gifts that was specified will be in the box,4.0,2025-06-18,yes,25,positive,positive
"C Idea CM828,8 Inch,8GB RAM 512GB ROM",phones and tablets,nice,it never came with screen protector.earpods.mouse,3.0,2025-06-13,yes,6,neutral,neutral
"C Idea CM828,8 Inch,8GB RAM 512GB ROM",phones and tablets,very good,ram and rom,5.0,2025-06-05,yes,3,neutral,positive
"C Idea CM828,8 Inch,8GB RAM 512GB ROM",phones and tablets,the tablet is good.,"the tablet is good, but there is too much hype on the accessories....came without earpods, blue tooth mouse, blue tooth speaker, key chain, smart band, and stylus.",3.0,2025-03-18,yes,27,positive,neutral
"C Idea CM828,8 Inch,8GB RAM 512GB ROM",phones and tablets,i like it,"hello,
the package description also included earpods, bluetooth mouse, bluetooth speaker and a smart band which were not delivered with the package.",3.0,2025-02-28,yes,22,positive,neutral
"Amtec 43L12, 43"" FHD Smart Android TV",tvs and audios,liked the service.,products just as they appear,5.0,2025-06-18,yes,5,neutral,positive
"Amtec 43L12, 43"" FHD Smart Android TV",tvs and audios,great product.,works as advertised,5.0,2025-06-16,yes,3,neutral,positive
"Amtec 43L12, 43"" FHD Smart Android TV",tvs and audios,i like it,it's working perfect and everything is okay,5.0,2025-06-12,yes,7,positive,positive
"Amtec 43L12, 43"" FHD Smart Android TV",tvs and audios,love it,the product is very clear,5.0,2025-06-12,yes,5,positive,positive
"Amtec 43L12, 43"" FHD Smart Android TV",tvs and audios,its working well exactly what i expected,wifi connection and clear pictures,5.0,2025-06-11,yes,5,positive,positive
"Amtec 43L12, 43"" FHD Smart Android TV",tvs and audios,misleading product description — not as advertised,"i purchased this tv based on the product description, which stated it was an android tv. however, what i received was entirely different — a sluggish, non-android operating system with extremely limited functionality. setting up apps was a nightmare, and several buttons on the remote didn't work at all.

the experience was frustrating and disappointing. i had no choice but to return the product and now have to wait for a refund. this is not what i expected from a supposedly modern smart tv. strongly urge others to verify product details with the seller before purchasing.",1.0,2025-06-09,yes,96,neutral,negative
"Amtec 43L12, 43"" FHD Smart Android TV",tvs and audios,i love it,"best decision i made was to go for this smart t.v, sound, bluetooth, pictures, youtube!!!i would recommend to anyone...",5.0,2025-05-30,yes,19,positive,positive
Lyons LST4304W 43”INCH Smart Android Frameless,tvs and audios,smart tv,it's efficiency,5.0,2025-06-20,yes,2,neutral,positive
Lyons LST4304W 43”INCH Smart Android Frameless,tvs and audios,smart tv,it was not 2k hd,3.0,2025-06-19,yes,5,neutral,neutral
Lyons LST4304W 43”INCH Smart Android Frameless,tvs and audios,i like it,works exactly as described,5.0,2025-06-19,yes,4,positive,positive
Lyons LST4304W 43”INCH Smart Android Frameless,tvs and audios,received as described,thank you very much it's super nice,5.0,2025-06-19,yes,7,positive,positive
Lyons LST4304W 43”INCH Smart Android Frameless,tvs and audios,good product,what i ordered,5.0,2025-06-18,yes,3,neutral,positive
Lyons LST4304W 43”INCH Smart Android Frameless,tvs and audios,affordable????,i just love it,5.0,2025-06-18,yes,4,positive,positive
Lyons LST4304W 43”INCH Smart Android Frameless,tvs and audios,i like it.,the product met my expectation and the delivery was as scheduled.,5.0,2025-06-18,yes,11,neutral,positive
Lyons LST4304W 43”INCH Smart Android Frameless,tvs and audios,unique,"it's great, amazing product",4.0,2025-06-16,yes,4,positive,positive
Lyons LST4304W 43”INCH Smart Android Frameless,tvs and audios,i like it,a very good smart tv within budget and great customer service from jumia,4.0,2025-06-13,yes,13,positive,positive
Lyons LST4304W 43”INCH Smart Android Frameless,tvs and audios,not that bad but it's a fhd not 2k as specified,not that bad but it's a fhd not 2k as specified,3.0,2025-06-11,yes,11,negative,neutral
Sony PS4 PlayStation 4 Pro Console 1TB - Black,gaming,old machine don't buy,"scammers they sold an old machine, don't trust the sellers.",1.0,2021-12-02,yes,10,neutral,negative
Sony PS4 PlayStation 4 Pro Console 1TB - Black,gaming,love it,just as i expected ! quality product !,5.0,2020-05-01,yes,8,negative,positive
Sony PS4 PlayStation 4 Pro Console 1TB - Black,gaming,very good,exemplary performance in 4k,5.0,2019-05-20,yes,4,neutral,positive
Sony PS4 PlayStation 4 Slim Console 500GB - Black,gaming,perfect,it's original and long lasting,5.0,2023-02-07,yes,5,positive,positive
Sony PS4 PlayStation 4 Slim Console 500GB - Black,gaming,best,it arrived in time and was perfect.thanks jumia for your services,5.0,2021-08-30,yes,11,neutral,positive
Sony PS4 PlayStation 4 Slim Console 500GB - Black,gaming,i love it,perfect condition,5.0,2021-03-31,yes,2,positive,positive
Sony PS4 PlayStation 4 Slim Console 500GB - Black,gaming,ps4,impeccable..the product was in pristine condition,5.0,2020-09-09,yes,6,neutral,positive
Sony PS4 PlayStation 4 Slim Console 500GB - Black,gaming,i like it,well delivered and works well no issue so far,5.0,2020-08-31,yes,9,neutral,positive
Sony PS4 PlayStation 4 Slim Console 500GB - Black,gaming,i love it,"nice ps
for fast delivery
whatsapp/call us
0702552592",5.0,2020-07-30,yes,8,positive,positive
Sony PS4 PlayStation 4 Slim Console 500GB - Black,gaming,good,working well,4.0,2020-07-23,yes,2,neutral,positive
Pearl Earrings Hoop Earrings Set Punk Metal Drop Earrings 6 Pairs,fashion,so fake,"improve on quality,it fades in two days",1.0,2024-12-27,yes,7,neutral,negative
Pearl Earrings Hoop Earrings Set Punk Metal Drop Earrings 6 Pairs,fashion,perfect????????,so beautiful exactly what i needed ????,5.0,2024-12-09,yes,7,positive,positive
Pearl Earrings Hoop Earrings Set Punk Metal Drop Earrings 6 Pairs,fashion,failed,pearl like things came already broken.,1.0,2024-11-29,yes,6,negative,negative
Pearl Earrings Hoop Earrings Set Punk Metal Drop Earrings 6 Pairs,fashion,earrings,as it is in picture.very beautiful and good material as compared to the price.,4.0,2024-11-19,yes,14,positive,positive
Pearl Earrings Hoop Earrings Set Punk Metal Drop Earrings 6 Pairs,fashion,not that good,very low quality,2.0,2024-10-11,yes,3,neutral,negative
Pearl Earrings Hoop Earrings Set Punk Metal Drop Earrings 6 Pairs,fashion,i like it,i really liked it,5.0,2024-10-08,yes,4,positive,positive
Pearl Earrings Hoop Earrings Set Punk Metal Drop Earrings 6 Pairs,fashion,i like it,nice product,4.0,2024-03-12,yes,2,positive,positive
Pearl Earrings Hoop Earrings Set Punk Metal Drop Earrings 6 Pairs,fashion,i love them,they are just as i expected,5.0,2024-02-06,yes,6,neutral,positive
Pearl Earrings Hoop Earrings Set Punk Metal Drop Earrings 6 Pairs,fashion,i love it,the pieces were more than i expected very good,5.0,2024-02-01,yes,9,positive,positive
Pearl Earrings Hoop Earrings Set Punk Metal Drop Earrings 6 Pairs,fashion,fades,it faded within two weeks,2.0,2023-12-28,yes,5,neutral,negative
Mika Free Standing Cooker,appliances,pathetic product,"no value for money, description and what is delivered does not match, i wouldn’t recommend anyone to waste their money.",1.0,2025-06-17,yes,20,negative,negative
Mika Free Standing Cooker,appliances,working well so far,great service,5.0,2025-06-16,yes,2,positive,positive
Mika Free Standing Cooker,appliances,fast delivery,fast delivery,5.0,2025-06-03,yes,2,positive,positive
Mika Free Standing Cooker,appliances,amazing,easy to operate,5.0,2025-04-24,yes,3,positive,positive
Mika Free Standing Cooker,appliances,disappointed and dissatisfied,"for electric plate, you must get an electrician to connect with power source, no plug in. only one tray not 2 as noted. basically, low quality. seems weak too.",1.0,2025-02-04,yes,29,negative,negative
Mika Free Standing Cooker,appliances,its the best i must say,"it's efficient,i absolutely love it",5.0,2024-12-09,yes,5,positive,positive
Mika Free Standing Cooker,appliances,i didn't expect this,it does  have the header to insert in the socket.how sure i'm i that i will get a original one with the market flooded with generics,1.0,2024-11-28,yes,26,positive,negative
Mika Free Standing Cooker,appliances,quality,it is effective and good quality,5.0,2024-11-04,yes,6,positive,positive
Mika Free Standing Cooker,appliances,performance,"easy to operate, i love the color",4.0,2024-09-23,yes,7,positive,positive
Mika Free Standing Cooker,appliances,good,chicken rotisserie indicated in the features but not delivered with it.,4.0,2024-09-18,yes,11,negative,positive
Nunix HD02 Fashion Hair Dryer,health and beauty,it's just fine.,"i don't think it's suitable for heavy duty, but it's ok for personal use. it'll dry your hair nicely but remember it doesn't come with it's guiding comp but looking at the price, you're good to go.",4.0,2025-06-12,yes,37,positive,positive
Nunix HD02 Fashion Hair Dryer,health and beauty,hair dryer,very efficient it dries wet hair very fast,4.0,2024-12-17,yes,8,positive,positive
Nunix HD02 Fashion Hair Dryer,health and beauty,not as powerful,it's okay for drying but not straightening hair,3.0,2024-08-01,yes,8,positive,neutral
Rechargeable Metal Simple Style Hair Clipper,health and beauty,hair trimmer machine,clean shave,5.0,2025-06-19,yes,2,positive,positive
Rechargeable Metal Simple Style Hair Clipper,health and beauty,i like it,its owesome.is there  a  silent one?,1.0,2025-02-19,yes,6,neutral,negative
Rechargeable Metal Simple Style Hair Clipper,health and beauty,hair clipper,"works well, though the best the blades are not adjustable.",3.0,2025-02-17,yes,10,positive,neutral
Rechargeable Metal Simple Style Hair Clipper,health and beauty,hair clipper,portable and easy to use.,5.0,2025-02-11,yes,5,positive,positive
Lenovo Refurbished Thinkpad X250 Intel Core I5,computing,nice,"light, can be carried easily and works okay",5.0,2025-06-18,yes,8,positive,positive
Lenovo Refurbished Thinkpad X250 Intel Core I5,computing,good,battery ???? last for 2 hrs,5.0,2025-06-13,yes,6,neutral,positive
Lenovo Refurbished Thinkpad X250 Intel Core I5,computing,i like it,"the product was super good however it didn't match storage specifations as advertised it was lower,, disappointed in that however delivery speed was faster",3.0,2025-06-13,yes,24,neutral,neutral
Lenovo Refurbished Thinkpad X250 Intel Core I5,computing,speed,everything is good.,5.0,2025-06-12,yes,3,positive,positive
Lenovo Refurbished Thinkpad X250 Intel Core I5,computing,the processor and it’s battery life of 6040mah,"it’s a great laptop and it’s portable in carrying it anywhere, thanks for speed arrival",5.0,2025-06-09,yes,15,positive,positive
Lenovo Refurbished Thinkpad X250 Intel Core I5,computing,delivered on time,so far so good.,5.0,2025-05-02,yes,4,positive,positive
Lenovo Refurbished Thinkpad X250 Intel Core I5,computing,good and working well,nice laptop,5.0,2025-04-09,yes,2,positive,positive
Lenovo Refurbished Thinkpad X250 Intel Core I5,computing,quality,its light and a good machine,5.0,2025-04-01,yes,6,positive,positive
Lenovo Refurbished Thinkpad X250 Intel Core I5,computing,i like it,"it's exactly what i ordered, correct specs and as good as new.so far it's functioning very well.jumia are legit.",5.0,2025-03-27,yes,19,positive,positive
