product_name,category,review_title,review_text,rating,review_date,verified
Berrykey Hawaiian Shirt,fashion,big size not cotton,Not cotton,1,19-06-2025,Verified Purchase
Berrykey Hawaiian Shirt,fashion,Not satisfied,The material is bad.not what I expected,1,13-06-2025,Verified Purchase
Berrykey Hawaiian Shirt,fashion,I like it,It is okay,5,12-05-2025,Verified Purchase
Berrykey Hawaiian Shirt,fashion,I like it,The quality is good. It's worth the price,5,22-04-2025,Verified Purchase
Berrykey Hawaiian Shirt,fashion,good,Good,5,27-01-2025,Verified Purchase
Berrykey Hawaiian Shirt,fashion,quality of the fabric is poor,The size is extra big for the small size..then use better quality material,2,03-10-2024,Verified Purchase
Berrykey Hawaiian Shirt,fashion,"size ,material",Nice and well prepared,5,17-09-2024,Verified Purchase
Berrykey Hawaiian Shirt,fashion,Shirt,Good material but take a smaller size,5,06-09-2024,Verified Purchase
Berrykey Hawaiian Shirt,fashion,ok,Ok,3,09-08-2024,Verified Purchase
Berrykey Hawaiian Shirt,fashion,shirt,It's nice,5,22-07-2024,Verified Purchase
Sonar stainless steel electric kettle,appliances,Love it,So far so good just as ordered,4,20-06-2025,Verified Purchase
Sonar stainless steel electric kettle,appliances,worthy,Boils fast,5,20-06-2025,Verified Purchase
Sonar stainless steel electric kettle,appliances,Value for your money.,Long cord. Boils fast. No noise. Fast delivery.,5,19-06-2025,Verified Purchase
Sonar stainless steel electric kettle,appliances,kettle,"It's very nice, warms water for just 5 mns and it reaches boiling point",5,19-06-2025,Verified Purchase
Sonar stainless steel electric kettle,appliances,It's awesome,Most affordable electric kettle????????????,4,19-06-2025,Verified Purchase
Sonar stainless steel electric kettle,appliances,could change,please change the plugs very weak.otherwise o,3,19-06-2025,Verified Purchase
Sonar stainless steel electric kettle,appliances,10/10,Am enjoying it,5,18-06-2025,Verified Purchase
Sonar stainless steel electric kettle,appliances,its faster,Faster,5,18-06-2025,Verified Purchase
Sonar stainless steel electric kettle,appliances,stick it together,Adding the power cord,4,18-06-2025,Verified Purchase
Sonar stainless steel electric kettle,appliances,Good,Short time taken,5,18-06-2025,Verified Purchase
ASHION Fashion Casual Baseball Sweatshirt,fashion,average,it's okay for the price,3,05-05-2025,Verified Purchase
ASHION Fashion Casual Baseball Sweatshirt,fashion,pooooor,Fake,1,18-12-2024,Verified Purchase
ASHION Fashion Casual Baseball Sweatshirt,fashion,good quality,Good packaged,5,11-12-2024,Verified Purchase
ASHION Fashion Casual Baseball Sweatshirt,fashion,I loved it,Its fantastic,5,09-12-2024,Verified Purchase
ASHION Fashion Casual Baseball Sweatshirt,fashion,I like it.,Their products met my expectations.,5,15-11-2024,Verified Purchase
Official Trouser Pant,fashion,wrong order,I ordered a black one but didn't get it,3,30-10-2024,Verified Purchase
Official Trouser Pant,fashion,Trouser pant black slim fit office wear,"Good quality, fitting well a ccording to size selected",5,13-08-2024,Verified Purchase
Official Trouser Pant,fashion,I love it,Very good item,5,07-08-2024,Verified Purchase
Official Trouser Pant,fashion,nice one,Can feel light if you are not used to these type,5,08-07-2024,Verified Purchase
Official Trouser Pant,fashion,I like it,Was awesome,5,27-05-2024,Verified Purchase
Official Trouser Pant,fashion,good,Perfect ????????,5,13-05-2024,Verified Purchase
Official Trouser Pant,fashion,Trouser,Somehow better,3,19-03-2024,Verified Purchase
Official Trouser Pant,fashion,I KINDA LIKED IT,TOO BAGGY BUT GOOD,5,05-03-2024,Verified Purchase
Official Trouser Pant,fashion,Not fully satisfied,It's too bulky below the knees. Had to incur other cost. When you say it's fit in let it be so,3,01-02-2024,Verified Purchase
Official Trouser Pant,fashion,sub standard,It's not of quality,1,18-12-2023,Verified Purchase
Elastic Belt Corset,fashion,perfectly,serves it's purpose so well,5,17-02-2025,Verified Purchase
Elastic Belt Corset,fashion,not satisfied,"Doesn't fit the whole torso
Divides tummy into two and had lose strap",1,23-12-2024,Verified Purchase
Elastic Belt Corset,fashion,Its good,Can't complain,5,13-12-2024,Verified Purchase
Elastic Belt Corset,fashion,Like it,Like ????,4,02-12-2024,Verified Purchase
Elastic Belt Corset,fashion,Very Comfortable,It's comfortable while wearing while going out,3,15-11-2024,Verified Purchase
Elastic Belt Corset,fashion,Belt,Perfect,5,12-11-2024,Verified Purchase
Elastic Belt Corset,fashion,quality,Its a nice product,4,08-11-2024,Verified Purchase
Elastic Belt Corset,fashion,good,It's okayy,4,10-09-2024,Verified Purchase
Elastic Belt Corset,fashion,I like it,Perfect,5,09-09-2024,Verified Purchase
Elastic Belt Corset,fashion,Great,good quality,5,14-08-2024,Verified Purchase
Machislet Bodycon Dress Shift,fashion,unique and stretchy,Unique and stretchy,5,19-06-2025,Verified Purchase
Machislet Bodycon Dress Shift,fashion,dress,The best I recommend it,4,09-06-2025,Verified Purchase
Machislet Bodycon Dress Shift,fashion,material,"The material is good,, stretches well.
I love it.... Packaging on fleek.. delivery was faster..",5,27-05-2025,Verified Purchase
Machislet Bodycon Dress Shift,fashion,lovely dresss,Love love,4,19-05-2025,Verified Purchase
Machislet Bodycon Dress Shift,fashion,I like it,Fits so well..just advertised,4,05-05-2025,Verified Purchase
Machislet Bodycon Dress Shift,fashion,good,Great material,4,02-05-2025,Verified Purchase
Machislet Bodycon Dress Shift,fashion,good dress . she liked it,Nice,4,28-04-2025,Verified Purchase
Machislet Bodycon Dress Shift,fashion,review,The design,5,24-04-2025,Verified Purchase
Machislet Bodycon Dress Shift,fashion,Nice,Exactly as it is on the picture,5,17-03-2025,Verified Purchase
Machislet Bodycon Dress Shift,fashion,Great dress,Good quality,5,03-03-2025,Verified Purchase
High Waist Jeans Body Shape,fashion,High Waist jeans Body Shape,Exact what I ordered,4,31-01-2025,Verified Purchase
High Waist Jeans Body Shape,fashion,love it,Nice,5,02-09-2024,Verified Purchase
High Waist Jeans Body Shape,fashion,supper n exactly what i ordered for,Just what I wanted,5,11-08-2022,Verified Purchase
High Waist Jeans Body Shape,fashion,They’re ok,They’re good.,4,11-05-2022,Verified Purchase
High Waist Jeans Body Shape,fashion,place to be,Jumia is the best place you can buy anything  you  want,5,14-12-2021,Verified Purchase
High Waist Jeans Body Shape,fashion,Great,awesome,5,14-12-2020,Verified Purchase
Seamless Shapewear Bodysuit,fashion,Bodysuit,It doesn't work it's just like a vest????,2,22-04-2025,Verified Purchase
Seamless Shapewear Bodysuit,fashion,Doesnt Hold,"Too loose, doesn't hold anything",3,23-12-2024,Verified Purchase
Seamless Shapewear Bodysuit,fashion,Not the best,Don't like material,1,02-12-2024,Verified Purchase
Seamless Shapewear Bodysuit,fashion,amazing,Very nice and comfortable,5,15-11-2024,Verified Purchase
Seamless Shapewear Bodysuit,fashion,Review,It losses elasticity so quick,3,08-11-2024,Verified Purchase
Mateamoda Women Shoes Sandals Heels,fashion,ilike them they are beautiful,I can send my pic wearing them,1,16-06-2025,Verified Purchase
Mateamoda Women Shoes Sandals Heels,fashion,I don't like it,Fragile making,2,12-06-2025,Verified Purchase
Mateamoda Women Shoes Sandals Heels,fashion,I like it but,"If you have to buy these heels, kindly take a size bigger because the heel is a smaller fitting.",5,07-05-2025,Verified Purchase
Mateamoda Women Shoes Sandals Heels,fashion,Good,They are as the picture,5,05-05-2025,Verified Purchase
Mateamoda Women Shoes Sandals Heels,fashion,classy,They are of good quality,5,22-04-2025,Verified Purchase
Mateamoda Women Shoes Sandals Heels,fashion,goodvone,"Its best, what you order is what you get",5,11-04-2025,Verified Purchase
Mateamoda Women Shoes Sandals Heels,fashion,I love it,Good quality,5,04-04-2025,Verified Purchase
Mateamoda Women Shoes Sandals Heels,fashion,absolutely perfect,Exactly what I expected,5,28-03-2025,Verified Purchase
Mateamoda Women Shoes Sandals Heels,fashion,nice product,Product was delivered perfectly just what I expected,5,27-03-2025,Verified Purchase
Mateamoda Women Shoes Sandals Heels,fashion,ladies sandals,I got exactly what I anticipated while ordering them,5,20-02-2025,Verified Purchase
ALagzi 2025 Mens Casual High-Top Shoes,fashion,real,"Shouting ,so amazing",5,16-06-2025,Verified Purchase
ALagzi 2025 Mens Casual High-Top Shoes,fashion,Quality,Perfect,5,12-06-2025,Verified Purchase
ALagzi 2025 Mens Casual High-Top Shoes,fashion,material,Comfortable,5,21-05-2025,Verified Purchase
ALagzi 2025 Mens Casual High-Top Shoes,fashion,torn out day one,Torn out day one,2,19-05-2025,Verified Purchase
ALagzi 2025 Mens Casual High-Top Shoes,fashion,nice one ever,Best quality,5,16-05-2025,Verified Purchase
ALagzi 2025 Mens Casual High-Top Shoes,fashion,nice one ever,Best quality,5,16-05-2025,Verified Purchase
ALagzi 2025 Mens Casual High-Top Shoes,fashion,I love it,The best boots designed for all wether,5,22-04-2025,Verified Purchase
ALagzi 2025 Mens Casual High-Top Shoes,fashion,Sneakers best,The color and the final product is just amazing,5,16-04-2025,Verified Purchase
ALagzi 2025 Mens Casual High-Top Shoes,fashion,I love It,I Love it,5,14-04-2025,Verified Purchase
ALagzi 2025 Mens Casual High-Top Shoes,fashion,yes,Better but low quantity product,3,25-03-2025,Verified Purchase
VON VRT-195DRHS Double Door Direct Cool,appliances,It’s silent you can’t tell if it’s on,Fitted perfectly in my kitchen,5,17-06-2025,Verified Purchase
VON VRT-195DRHS Double Door Direct Cool,appliances,Von-VRR-195RHS,"So far working fine, no trouble. It has some noise that's non-uniform from the freezer compartment, but I am still using it, I am not sure if that is something to worry about in the long run.",5,16-06-2025,Verified Purchase
VON VRT-195DRHS Double Door Direct Cool,appliances,Von is it!,I actually love it. Has zero noise. Delivery was so in time (mind you im in kakamega). Its worth every penny of your savings!,5,09-06-2025,Verified Purchase
VON VRT-195DRHS Double Door Direct Cool,appliances,Amazing product,The best and no noise and so spacious and I love the colour,5,09-06-2025,Verified Purchase
VON VRT-195DRHS Double Door Direct Cool,appliances,perfect buy,large freezer storage...and it is efficient and pretty❤️❤️❤️ we love it,5,05-06-2025,Verified Purchase
VON VRT-195DRHS Double Door Direct Cool,appliances,Nice product,"Nice product,no noise",5,03-06-2025,Verified Purchase
VON VRT-195DRHS Double Door Direct Cool,appliances,von 195l,Freezer space,5,03-06-2025,Verified Purchase
VON VRT-195DRHS Double Door Direct Cool,appliances,i liked it,fast delivery,4,03-06-2025,Verified Purchase
VON VRT-195DRHS Double Door Direct Cool,appliances,happy,"B4 ordering the product I always go through the comments coz it helps me make the decision whether to buy it or not...if u come across this one....
My friend u will love the product....its been a week and so far so go....100% recommend",5,03-06-2025,Verified Purchase
VON VRT-195DRHS Double Door Direct Cool,appliances,comment,"fast delivery.good product,working perfectly well.spacious freezing compartment.",5,30-05-2025,Verified Purchase
Ramtons RM/458 - Digital Glass Microwave,appliances,Quality,The product looks good.A day in use and it's working well.Monitoring this so as to buy another one and gift a friend.,5,19-06-2025,Verified Purchase
Ramtons RM/458 - Digital Glass Microwave,appliances,Used it for a week now and it's good,Working well!,5,19-06-2025,Verified Purchase
Ramtons RM/458 - Digital Glass Microwave,appliances,I Love it,Definetly recommend this brand it works really well also very stylish addition to the kitchen!,5,13-06-2025,Verified Purchase
Ramtons RM/458 - Digital Glass Microwave,appliances,I Like it,Works perfectly well... I recommend it any time any day,4,10-06-2025,Verified Purchase
Ramtons RM/458 - Digital Glass Microwave,appliances,Liiike!!,Good buy ...,4,09-06-2025,Verified Purchase
Ramtons RM/458 - Digital Glass Microwave,appliances,amazing,"The product is just as advertised, fast delivery and is very silent. Would recommend",5,09-06-2025,Verified Purchase
Ramtons RM/458 - Digital Glass Microwave,appliances,Good,Make the wire cord longer,5,05-06-2025,Verified Purchase
Ramtons RM/458 - Digital Glass Microwave,appliances,it works,It works well,4,05-06-2025,Verified Purchase
Ramtons RM/458 - Digital Glass Microwave,appliances,power,"It's good, only that its power is a bit low. It takes longer to heat up food/drinks",4,30-05-2025,Verified Purchase
Ramtons RM/458 - Digital Glass Microwave,appliances,I like it,It’s what I always wanted,4,27-05-2025,Verified Purchase
VON VALS-75BWY Twin Tub Washing Machine,appliances,Honestly it's just okay for middle class..,It's awesome it does the work. I was abit worried kama itangarisha nguo. it's affordable and work very fine...,4,19-06-2025,Verified Purchase
VON VALS-75BWY Twin Tub Washing Machine,appliances,Washing Machine,It works well. No back and forth.. at least no more stress.,5,18-06-2025,Verified Purchase
VON VALS-75BWY Twin Tub Washing Machine,appliances,The product is good,Like it thanks ????,5,18-06-2025,Verified Purchase
VON VALS-75BWY Twin Tub Washing Machine,appliances,I like it,It works soo nice,5,17-06-2025,Verified Purchase
VON VALS-75BWY Twin Tub Washing Machine,appliances,Washing machine,The package performs well,5,17-06-2025,Verified Purchase
VON VALS-75BWY Twin Tub Washing Machine,appliances,not bad,Works well only downside is the fact that It did not come with the water filter as Von should,4,16-06-2025,Verified Purchase
VON VALS-75BWY Twin Tub Washing Machine,appliances,its the best choice to make,it is friendly in terms of power consumption and in laundry,5,16-06-2025,Verified Purchase
VON VALS-75BWY Twin Tub Washing Machine,appliances,iko freshi,Iko tu sawa,5,16-06-2025,Verified Purchase
VON VALS-75BWY Twin Tub Washing Machine,appliances,its very nice,"It saves power,",5,13-06-2025,Verified Purchase
VON VALS-75BWY Twin Tub Washing Machine,appliances,Nice & Lovely!!!,Nice & Lovely!!!,5,12-06-2025,Verified Purchase
ElectroMate Dry Iron Box,appliances,Its good,Its fantastic works,5,19-06-2025,Verified Purchase
ElectroMate Dry Iron Box,appliances,timely deliverly,Timely delivery,5,17-06-2025,Verified Purchase
ElectroMate Dry Iron Box,appliances,Good,It does not overheat.,5,16-06-2025,Verified Purchase
ElectroMate Dry Iron Box,appliances,easy to use,"I just love it ???? simple ???? 
it's really good. and it cools down the heat when it gets too  hot",5,16-06-2025,Verified Purchase
ElectroMate Dry Iron Box,appliances,I love it.. functioning  well.,The product is functioning well and it's  easy to regulate  based on the materials of the fabric. The power cord is slightly short  but can serve the purpose intended.,5,13-06-2025,Verified Purchase
ElectroMate Dry Iron Box,appliances,its just advertised,Arrived on time,5,13-06-2025,Verified Purchase
ElectroMate Dry Iron Box,appliances,good cheap offer,good for the price and okay,5,12-06-2025,Verified Purchase
ElectroMate Dry Iron Box,appliances,Well wrapped,"So far so good,",4,12-06-2025,Verified Purchase
ElectroMate Dry Iron Box,appliances,The cable is too short improve on it .,Increase the cable wire,2,11-06-2025,Verified Purchase
ElectroMate Dry Iron Box,appliances,I like it,Good quality,5,11-06-2025,Verified Purchase
Rashnik RN-2451B Hot And Normal Stand Alone Dispenser,appliances,I like it.,It is simple to operate and works perfectly fine.,5,20-06-2025,Verified Purchase
Rashnik RN-2451B Hot And Normal Stand Alone Dispenser,appliances,It’s rather small.,It’s rather small,2,19-06-2025,Verified Purchase
Rashnik RN-2451B Hot And Normal Stand Alone Dispenser,appliances,Met expectations,Met expectations. Fairly priced.,5,13-06-2025,Verified Purchase
Rashnik RN-2451B Hot And Normal Stand Alone Dispenser,appliances,working well,"Ensure transporting it carefully, it was  somehow scratched",5,13-06-2025,Verified Purchase
Rashnik RN-2451B Hot And Normal Stand Alone Dispenser,appliances,Works well. I like it,Lightweight but serves its purpose,5,03-06-2025,Verified Purchase
Rashnik RN-2451B Hot And Normal Stand Alone Dispenser,appliances,I like the product,"The packaging is nice
Qiuck delivery
Good quality",5,08-05-2025,Verified Purchase
Rashnik RN-2451B Hot And Normal Stand Alone Dispenser,appliances,Not perfect,"Does not make water hot, I'm disappointed ☹️",1,06-05-2025,Verified Purchase
Rashnik RN-2451B Hot And Normal Stand Alone Dispenser,appliances,mmmh,yap,3,19-02-2025,Verified Purchase
Rashnik RN-2451B Hot And Normal Stand Alone Dispenser,appliances,so far so goood,Yeah.. if there was a cold one too,3,13-02-2025,Verified Purchase
Rashnik RN-2451B Hot And Normal Stand Alone Dispenser,appliances,just ok,Improve on quality,4,21-01-2025,Verified Purchase
Ramtons RM/399-corded Electric Kettle,appliances,Its quality ????,It's serving the purpose,5,20-06-2025,Verified Purchase
Ramtons RM/399-corded Electric Kettle,appliances,works perfectly,This is your sign to get this electric jug,5,18-06-2025,Verified Purchase
Ramtons RM/399-corded Electric Kettle,appliances,convenient,"Heats fast, less power consumption",5,18-06-2025,Verified Purchase
Ramtons RM/399-corded Electric Kettle,appliances,was not disaponted,The best ????,5,18-06-2025,Verified Purchase
Ramtons RM/399-corded Electric Kettle,appliances,cable,yes the cable to be removable,3,17-06-2025,Verified Purchase
Ramtons RM/399-corded Electric Kettle,appliances,well packed,Working  well,5,17-06-2025,Verified Purchase
Ramtons RM/399-corded Electric Kettle,appliances,I like it,Efficient,5,17-06-2025,Verified Purchase
Ramtons RM/399-corded Electric Kettle,appliances,Legit product,It's nice,5,16-06-2025,Verified Purchase
Ramtons RM/399-corded Electric Kettle,appliances,ramtons  electric kettle,It heats water really fast. Worth buying,5,16-06-2025,Verified Purchase
Ramtons RM/399-corded Electric Kettle,appliances,I love it,It's good,4,13-06-2025,Verified Purchase
Lyons YT-138 Blender 2 In 1,appliances,Satisfied,It is working as expected,4,18-06-2025,Verified Purchase
Lyons YT-138 Blender 2 In 1,appliances,good quality and cost effective,So far loving it's serving the purpose well though its noisy.i recommend it.,5,17-06-2025,Verified Purchase
Lyons YT-138 Blender 2 In 1,appliances,"i like,love it",Everything ????,5,16-06-2025,Verified Purchase
Lyons YT-138 Blender 2 In 1,appliances,loved it,The best,5,16-06-2025,Verified Purchase
Lyons YT-138 Blender 2 In 1,appliances,good but it produce too much noise,the noise is too much,5,13-06-2025,Verified Purchase
Lyons YT-138 Blender 2 In 1,appliances,blender,Works perfectly,4,12-06-2025,Verified Purchase
Lyons YT-138 Blender 2 In 1,appliances,Great,Good as advertised,5,10-06-2025,Verified Purchase
Lyons YT-138 Blender 2 In 1,appliances,EFFICIENT,Works efficiently for home use...,5,09-06-2025,Verified Purchase
Lyons YT-138 Blender 2 In 1,appliances,using this machine,"It's well made that cannot spoil first ,I can recommend people to buy .but mnipatie sawadi ya fridge",5,09-06-2025,Verified Purchase
Lyons YT-138 Blender 2 In 1,appliances,The design,It's working very smoothly,5,03-06-2025,Verified Purchase
AILYONS SB501 2.1CH Sound Bar SubWoofer,TVs and audios,I like it,The price matches the product.,5,16-06-2025,Verified Purchase
AILYONS SB501 2.1CH Sound Bar SubWoofer,TVs and audios,"perfect sound, love it",love it,5,13-06-2025,Verified Purchase
AILYONS SB501 2.1CH Sound Bar SubWoofer,TVs and audios,bess,Bess,5,13-06-2025,Verified Purchase
AILYONS SB501 2.1CH Sound Bar SubWoofer,TVs and audios,quality product,Add FM radio,4,12-06-2025,Verified Purchase
AILYONS SB501 2.1CH Sound Bar SubWoofer,TVs and audios,Good,Worth the price,4,09-06-2025,Verified Purchase
AILYONS SB501 2.1CH Sound Bar SubWoofer,TVs and audios,Boom,What a machine!,5,09-06-2025,Verified Purchase
AILYONS SB501 2.1CH Sound Bar SubWoofer,TVs and audios,Bluetooth Connectivity,"The sound, when connected to a smart tv via Bluetooth, goes silent for short periods of time without any prompting, which is an inconvenient design/performance flaw.",3,04-06-2025,Verified Purchase
AILYONS SB501 2.1CH Sound Bar SubWoofer,TVs and audios,Good,No complaints here.,4,16-05-2025,Verified Purchase
AILYONS SB501 2.1CH Sound Bar SubWoofer,TVs and audios,system,Great,5,12-05-2025,Verified Purchase
AILYONS SB501 2.1CH Sound Bar SubWoofer,TVs and audios,bass is wow,"Worth the prices, it exceeded my expectations",5,05-05-2025,Verified Purchase
Vitron V400 2.1Ch Bluetooth Speaker System,TVs and audios,good and sustainable,Its good for the amount of cash sold,4,16-06-2025,Verified Purchase
Vitron V400 2.1Ch Bluetooth Speaker System,TVs and audios,quicky delivery,Best model,5,10-06-2025,Verified Purchase
Vitron V400 2.1Ch Bluetooth Speaker System,TVs and audios,Amazing,Great,5,10-06-2025,Verified Purchase
Vitron V400 2.1Ch Bluetooth Speaker System,TVs and audios,Awesome,Met my expectation,4,09-06-2025,Verified Purchase
Vitron V400 2.1Ch Bluetooth Speaker System,TVs and audios,I like it well delivered,Good one,4,30-05-2025,Verified Purchase
Vitron V400 2.1Ch Bluetooth Speaker System,TVs and audios,I like it,Excellent,5,19-05-2025,Verified Purchase
Vitron V400 2.1Ch Bluetooth Speaker System,TVs and audios,good,Always smart with good sound,5,16-05-2025,Verified Purchase
Vitron V400 2.1Ch Bluetooth Speaker System,TVs and audios,it's perfect,Very nice,5,07-05-2025,Verified Purchase
Vitron V400 2.1Ch Bluetooth Speaker System,TVs and audios,Excellent quality,I loved the product ????????,5,05-05-2025,Verified Purchase
Vitron V400 2.1Ch Bluetooth Speaker System,TVs and audios,I like it,It's good,5,02-05-2025,Verified Purchase
Itel BudsNeo 3 ANC Wireless Bluetooth Earphone,phones and tablets,superb,"Well balanced equalised bass and tone,",5,20-06-2025,Verified Purchase
Itel BudsNeo 3 ANC Wireless Bluetooth Earphone,phones and tablets,battery life,Relatively good sound and great battery life,5,20-06-2025,Verified Purchase
Itel BudsNeo 3 ANC Wireless Bluetooth Earphone,phones and tablets,I love it,"You get exactly what is advertised there. My advice is this, always buy electronics from official stores because they have a warranty. The pods sre are wonderful. The bass is super abd battery is truly wonderful. Sijawahi charge. This is week 3????",5,19-06-2025,Verified Purchase
Itel BudsNeo 3 ANC Wireless Bluetooth Earphone,phones and tablets,Battery life,are they not supposed to be charged? my third week without charging now ????????,5,17-06-2025,Verified Purchase
Itel BudsNeo 3 ANC Wireless Bluetooth Earphone,phones and tablets,Perfection,Bought it for the sound ???? and the long play time without frequent charging ????,5,16-06-2025,Verified Purchase
Itel BudsNeo 3 ANC Wireless Bluetooth Earphone,phones and tablets,Good,The touch pad is too sensitive when lying down. Audio quality is good and battery is perfect,4,12-06-2025,Verified Purchase
Itel BudsNeo 3 ANC Wireless Bluetooth Earphone,phones and tablets,Best,What imperessed me the most is the battery life.,4,11-06-2025,Verified Purchase
Itel BudsNeo 3 ANC Wireless Bluetooth Earphone,phones and tablets,Power,"The buds have quality sound. 
The only problem is that if they turn off, you cannot turn them back on without putting them back in the case.",4,05-06-2025,Verified Purchase
Itel BudsNeo 3 ANC Wireless Bluetooth Earphone,phones and tablets,Itel,Music wise the buds are excellent... The problem is when am making calls..so much noise on the other end,4,03-06-2025,Verified Purchase
Itel BudsNeo 3 ANC Wireless Bluetooth Earphone,phones and tablets,ite budsNeo 3,Still enjoying my earbuds.The sound is okey and they keep charge for long.,4,03-06-2025,Verified Purchase
Boy Boyurn-Down Collor Top + Shorts,fashion,clothe,My nephew is rocking in it,5,04-06-2025,Verified Purchase
Boy Boyurn-Down Collor Top + Shorts,fashion,perfect,Not bad.. I liked it,4,24-12-2024,Verified Purchase
Boy Boyurn-Down Collor Top + Shorts,fashion,quality,"Not the perfect quality,but it's great and looks very nice. Will definitely buy again",4,23-09-2024,Verified Purchase
Boy Boyurn-Down Collor Top + Shorts,fashion,quality,I liked it,4,27-08-2024,Verified Purchase
Boy Boyurn-Down Collor Top + Shorts,fashion,price,Should be cheaper. Not bad though.,3,23-08-2024,Verified Purchase
Boy Boyurn-Down Collor Top + Shorts,fashion,Superb!!!,"Loved it, nice quality and heavy fabric.",5,12-08-2024,Verified Purchase
Boy Boyurn-Down Collor Top + Shorts,fashion,QUALITY,"The outfit is awesome????, quality top notch????. Please restock 3-4yrs",5,04-07-2024,Verified Purchase
Kids Girl 2PCS Puff Sleeve Top Floral Dresses,fashion,best,Looks good on my babygirl,5,27-05-2025,Verified Purchase
Kids Girl 2PCS Puff Sleeve Top Floral Dresses,fashion,poor quality  &  poor packing,Very light...I didn't expect it that way....too expensive but poor quality,1,02-05-2025,Verified Purchase
Kids Girl 2PCS Puff Sleeve Top Floral Dresses,fashion,material used,Poor quality,2,22-04-2025,Verified Purchase
Kids Girl 2PCS Puff Sleeve Top Floral Dresses,fashion,colour,The colour  match and how it fits,5,07-04-2025,Verified Purchase
Kids Girl 2PCS Puff Sleeve Top Floral Dresses,fashion,Loved it,It fit perfectly and was exactly what I ordered,5,24-02-2025,Verified Purchase
Kids Girl 2PCS Puff Sleeve Top Floral Dresses,fashion,love it.,The product is good.,4,24-12-2024,Verified Purchase
Kids Girl 2PCS Puff Sleeve Top Floral Dresses,fashion,Beautiful dress,Daughter rocked it at a birthday party,5,07-11-2024,Verified Purchase
Kids Girl 2PCS Puff Sleeve Top Floral Dresses,fashion,It's good,I liked it,4,27-08-2024,Verified Purchase
Garnier Even & Matte Vitamin C Booster Serum,health and beauty,serum,It was what I ordered,4,21-06-2025,Verified Purchase
Garnier Even & Matte Vitamin C Booster Serum,health and beauty,it works,Reduces white heads significantly,5,21-06-2025,Verified Purchase
Garnier Even & Matte Vitamin C Booster Serum,health and beauty,God sent.,"Smooth face, even tone. Everything good ????",5,19-06-2025,Verified Purchase
Garnier Even & Matte Vitamin C Booster Serum,health and beauty,Product Quality,I got one of the twin packs being half. Not sure how that happened,3,18-06-2025,Verified Purchase
Garnier Even & Matte Vitamin C Booster Serum,health and beauty,functionality,It's not doing what it says it does,1,16-06-2025,Verified Purchase
Garnier Even & Matte Vitamin C Booster Serum,health and beauty,product effectiveness,"It really giving the even skin tone, but for darks it's not clearing been using for months and still have dark spots",3,13-06-2025,Verified Purchase
Garnier Even & Matte Vitamin C Booster Serum,health and beauty,Garniervitamin C serum,Best serum ever,5,13-06-2025,Verified Purchase
Garnier Even & Matte Vitamin C Booster Serum,health and beauty,I like it,It really works,5,09-06-2025,Verified Purchase
Garnier Even & Matte Vitamin C Booster Serum,health and beauty,The best serum,"This is by far the best serum!!! Brightens, not harsh on skin, very good scent and it gives the glow ????",5,09-06-2025,Verified Purchase
Garnier Even & Matte Vitamin C Booster Serum,health and beauty,I like it,"It's good. Am on my 2nd bottle, and I have received comments that my skin is looking good. It has really brightened my skin, in a non-bleavhing way. Just glowy!",5,07-06-2025,Verified Purchase
Women's Bag Literary Single-Shoulder Bag,fashion,The strap,The strap of the bag broke on the first day of using it,3,17-02-2025,Verified Purchase
Women's Bag Literary Single-Shoulder Bag,fashion,Nice,Nice bag,5,10-02-2025,Verified Purchase
Women's Bag Literary Single-Shoulder Bag,fashion,its too small....would be nicer if it was bigger,You should add a zipper so that it's more secure,2,18-11-2024,Verified Purchase
Women's Bag Literary Single-Shoulder Bag,fashion,good,Should include at least one more zipped inside to separate things,4,18-11-2024,Verified Purchase
Women's Bag Literary Single-Shoulder Bag,fashion,it's really nice,It's strong and cute,5,15-11-2024,Verified Purchase
Women's Bag Literary Single-Shoulder Bag,fashion,Good Purchase,For the price it's a actually a good purchase,4,11-11-2024,Verified Purchase
Women's Bag Literary Single-Shoulder Bag,fashion,I like it.,Came as just shown on the picture.,4,11-11-2024,Verified Purchase
Women's Bag Literary Single-Shoulder Bag,fashion,I like it,"Quite small, but serves the purpose",4,11-11-2024,Verified Purchase
Women's Bag Literary Single-Shoulder Bag,fashion,Angeline,"Too small, poor packaging and very light straps",1,11-11-2024,Verified Purchase
Women's Bag Literary Single-Shoulder Bag,fashion,The bag was beautiful..I loved it ????,"But it was not well packaged 
It was packaged with a transparent paper",1,24-10-2024,Verified Purchase
Hot And Normal Stand Alone Dispenser (Black),appliances,I like it.,It is simple to operate and works perfectly fine.,5,20-06-2025,Verified Purchase
Hot And Normal Stand Alone Dispenser (Black),appliances,It’s rather small.,It’s rather small,2,19-06-2025,Verified Purchase
Hot And Normal Stand Alone Dispenser (Black),appliances,Met expectations,Met expectations. Fairly priced.,5,13-06-2025,Verified Purchase
Hot And Normal Stand Alone Dispenser (Black),appliances,working well,"Ensure transporting it carefully, it was  somehow scratched",5,13-06-2025,Verified Purchase
Hot And Normal Stand Alone Dispenser (Black),appliances,Works well. I like it,Lightweight but serves its purpose,5,03-06-2025,Verified Purchase
Hot And Normal Stand Alone Dispenser (Black),appliances,I like the product,"The packaging is nice
Qiuck delivery
Good quality",5,08-05-2025,Verified Purchase
Hot And Normal Stand Alone Dispenser (Black),appliances,Not perfect,"Does not make water hot, I'm disappointed ☹️",1,06-05-2025,Verified Purchase
Hot And Normal Stand Alone Dispenser (Black),appliances,mmmh,yap,3,19-02-2025,Verified Purchase
Hot And Normal Stand Alone Dispenser (Black),appliances,so far so goood,Yeah.. if there was a cold one too,3,13-02-2025,Verified Purchase
Hot And Normal Stand Alone Dispenser (Black),appliances,just ok,Improve on quality,4,21-01-2025,Verified Purchase
Vitron V527 - 2.1 CH Multimedia Speaker,TVs and audios,Perfect,It's working just fine,5,18-06-2025,Verified Purchase
Vitron V527 - 2.1 CH Multimedia Speaker,TVs and audios,Speakers,Speakers should be wireless,4,17-06-2025,Verified Purchase
Vitron V527 - 2.1 CH Multimedia Speaker,TVs and audios,best music system,Perfect system,5,17-06-2025,Verified Purchase
Vitron V527 - 2.1 CH Multimedia Speaker,TVs and audios,whoofer,Sound,5,16-06-2025,Verified Purchase
Vitron V527 - 2.1 CH Multimedia Speaker,TVs and audios,sound and its simplicity,It's super cool,5,13-06-2025,Verified Purchase
Vitron V527 - 2.1 CH Multimedia Speaker,TVs and audios,Amazing,The sound is amazing,5,13-06-2025,Verified Purchase
Vitron V527 - 2.1 CH Multimedia Speaker,TVs and audios,Fairly good,The humming sound on standby mode irritating,3,11-06-2025,Verified Purchase
Vitron V527 - 2.1 CH Multimedia Speaker,TVs and audios,Just keep the good work.,The package has reached safely  and is  good,4,11-06-2025,Verified Purchase
Vitron V527 - 2.1 CH Multimedia Speaker,TVs and audios,Work as expected,Worth it,5,11-06-2025,Verified Purchase
Vitron V527 - 2.1 CH Multimedia Speaker,TVs and audios,what i like with vitron speakers,They beat so nice,5,10-06-2025,Verified Purchase
Couple Canvas Low Top Lace-up Shoes,fashion,canvas,You know something is good when you buy it twice,5,17-06-2025,Verified Purchase
Couple Canvas Low Top Lace-up Shoes,fashion,ever lasting,Nice one????,5,16-06-2025,Verified Purchase
Couple Canvas Low Top Lace-up Shoes,fashion,cn,As advertised,5,15-06-2025,Verified Purchase
Couple Canvas Low Top Lace-up Shoes,fashion,Liked it,"I'm happy with the shoes. They arrived on time, and the quality is good. They're also very comfortable. Definitely worth it.",5,11-06-2025,Verified Purchase
Couple Canvas Low Top Lace-up Shoes,fashion,good material,Excellent,5,30-05-2025,Verified Purchase
Couple Canvas Low Top Lace-up Shoes,fashion,Good,It's a good product,5,28-05-2025,Verified Purchase
Couple Canvas Low Top Lace-up Shoes,fashion,smallsize,Always go for a size bigger,5,27-05-2025,Verified Purchase
Couple Canvas Low Top Lace-up Shoes,fashion,Good,Good quality. But order a bigger size,5,19-05-2025,Verified Purchase
Couple Canvas Low Top Lace-up Shoes,fashion,best,Best thing i got on jumia,5,13-05-2025,Verified Purchase
Couple Canvas Low Top Lace-up Shoes,fashion,loved it,Very Good quality,5,30-04-2025,Verified Purchase
Tecno CAMON 30S,phones and tablets,nice,Value for money,5,02-01-2025,Verified Purchase
Tecno CAMON 30S,phones and tablets,Missing earphones,The earphones were missing but I realized after picking and leaving the pickups point,2,02-12-2024,Verified Purchase
Tecno CAMON 30S,phones and tablets,GOOD PHONE,"The display doesn't look amoled, camera is OK but the phone is gorgeous and the processor is snappy.",4,07-11-2024,Verified Purchase
Tecno CAMON 30S,phones and tablets,THE BEST AHEAD OF THE REST,"Good quality, good resolution, and everything is perfect boom",5,04-11-2024,Verified Purchase
Fast Charging 10000mAh Power Charging Bank,phones and tablets,it is not that good,the battery does not last long,3,19-06-2025,Verified Purchase
Fast Charging 10000mAh Power Charging Bank,phones and tablets,Good in deed,Quality and strong in charging mobile phone,5,18-06-2025,Verified Purchase
Fast Charging 10000mAh Power Charging Bank,phones and tablets,Not as per the user needs,It drains so fast,2,16-06-2025,Verified Purchase
Fast Charging 10000mAh Power Charging Bank,phones and tablets,i like it,it works okay,4,16-06-2025,Verified Purchase
Fast Charging 10000mAh Power Charging Bank,phones and tablets,i love it,it worth the money it works perfect,5,13-06-2025,Verified Purchase
Fast Charging 10000mAh Power Charging Bank,phones and tablets,soo fake,Not working it powers of within 5 minutes must return,1,11-06-2025,Verified Purchase
Fast Charging 10000mAh Power Charging Bank,phones and tablets,trust and convinience,The best online shopping ????. Jumia the Best. Trusted and honest plus good delivery on time,5,10-06-2025,Verified Purchase
Fast Charging 10000mAh Power Charging Bank,phones and tablets,I like it,Good and fantastic,5,05-06-2025,Verified Purchase
Fast Charging 10000mAh Power Charging Bank,phones and tablets,I don't like it,It's not even charge phone twice,1,03-06-2025,Verified Purchase
Fast Charging 10000mAh Power Charging Bank,phones and tablets,Like it,The process was was smooth and tracking the product is as expected,4,03-06-2025,Verified Purchase
RichRipple 3-Cables Portable Power Bank,phones and tablets,good,By giving more offer,4,16-06-2025,Verified Purchase
RichRipple 3-Cables Portable Power Bank,phones and tablets,non-functional power bank,"Used it once, fully charged but couldn't charge the phone even to 50%. Then it failed completely 
. Total waste of money",1,16-06-2025,Verified Purchase
RichRipple 3-Cables Portable Power Bank,phones and tablets,I like it,Serves its purpose well,4,12-06-2025,Verified Purchase
RichRipple 3-Cables Portable Power Bank,phones and tablets,quality,It's just too good.... I like it,5,11-06-2025,Verified Purchase
RichRipple 3-Cables Portable Power Bank,phones and tablets,Amaizing,"Out off all the rest I have bought, this one is very very legit and amaizing! For the iphone cable tends to stop working after around 5-6 months but It is very nice",4,10-06-2025,Verified Purchase
RichRipple 3-Cables Portable Power Bank,phones and tablets,Dislike,It can not charge 2 phone to full,3,09-06-2025,Verified Purchase
RichRipple 3-Cables Portable Power Bank,phones and tablets,about powerbank,Charging just one phone and that's,3,03-06-2025,Verified Purchase
RichRipple 3-Cables Portable Power Bank,phones and tablets,Like it,I love it ..,5,27-05-2025,Verified Purchase
RichRipple 3-Cables Portable Power Bank,phones and tablets,I like it,The product is working well and the price I couldnt believe it!,5,27-05-2025,Verified Purchase
RichRipple 3-Cables Portable Power Bank,phones and tablets,I like it,It's good,4,27-05-2025,Verified Purchase
"C Idea Adults Tablets, 10 Inches Android 12",phones and tablets,implove on,Long lasting battery,5,03-06-2025,Verified Purchase
"C Idea Adults Tablets, 10 Inches Android 12",phones and tablets,Old Os,The system cannot support wegl,2,23-04-2025,Verified Purchase
"C Idea Adults Tablets, 10 Inches Android 12",phones and tablets,i dont like it,"I can not conect the USB Stick with no adapter, Many things i can not install",2,14-04-2025,Verified Purchase
"C Idea Adults Tablets, 10 Inches Android 12",phones and tablets,I like it,Works well for basic tasks..try to improve its processor.,5,20-03-2025,Verified Purchase
"C Idea Adults Tablets, 10 Inches Android 12",phones and tablets,Battery+memory,"Nice product for the amount of money,
But the battery is very poor for a 10000Ah,
And an app I installed says 8gb+64gb,
its rating 512gb,now I don't know who to trust!",3,24-02-2025,Verified Purchase
"C Idea Adults Tablets, 10 Inches Android 12",phones and tablets,I don't like it,The USB-C charging port is loose. It does not hold the Charging Cable & Adapter*1.,2,12-02-2025,Verified Purchase
"C Idea Adults Tablets, 10 Inches Android 12",phones and tablets,I feel cheated,"The Storage of 512GB is not as stated. It is 1/8 of 512. Here, I feel cheated. No one will be happy about this.",2,03-01-2025,Verified Purchase
"C Idea Adults Tablets, 10 Inches Android 12",phones and tablets,Compactibility,User friendly,5,02-01-2025,Verified Purchase
"C Idea Adults Tablets, 10 Inches Android 12",phones and tablets,6/10,The charger isn't charging well and the blue tooth speaker isn't working. Otherwise the tablet is good.,3,17-12-2024,Verified Purchase
"C Idea Adults Tablets, 10 Inches Android 12",phones and tablets,goid,Good tea,2,17-12-2024,Verified Purchase
"C Idea CM828,8 Inch,8GB RAM 512GB ROM",phones and tablets,I like it,Good love the 5g network compatibility and storage though I did not receive some of the gifts that was specified will be in the box,4,18-06-2025,Verified Purchase
"C Idea CM828,8 Inch,8GB RAM 512GB ROM",phones and tablets,nice,it never came with screen protector.earpods.mouse,3,13-06-2025,Verified Purchase
"C Idea CM828,8 Inch,8GB RAM 512GB ROM",phones and tablets,very good,Ram and rom,5,05-06-2025,Verified Purchase
"C Idea CM828,8 Inch,8GB RAM 512GB ROM",phones and tablets,Tab,Good,5,04-06-2025,Verified Purchase
"C Idea CM828,8 Inch,8GB RAM 512GB ROM",phones and tablets,The tablet is good.,"The tablet is good, but there is too much hype on the accessories....came without earpods, blue tooth mouse, blue tooth speaker, key chain, smart band, and stylus.",3,18-03-2025,Verified Purchase
"C Idea CM828,8 Inch,8GB RAM 512GB ROM",phones and tablets,I like it,"Hello,
The package description also included Earpods, bluetooth mouse, bluetooth speaker and a smart band which were not delivered with the package.",3,28-02-2025,Verified Purchase
"Amtec 43L12, 43"" FHD Smart Android TV",TVs and audios,Liked the service.,products just as they appear,5,18-06-2025,Verified Purchase
"Amtec 43L12, 43"" FHD Smart Android TV",TVs and audios,other apps not functioning,No,3,17-06-2025,Verified Purchase
"Amtec 43L12, 43"" FHD Smart Android TV",TVs and audios,great product.,Works as advertised,5,16-06-2025,Verified Purchase
"Amtec 43L12, 43"" FHD Smart Android TV",TVs and audios,I like it,It's working perfect and everything is okay,5,12-06-2025,Verified Purchase
"Amtec 43L12, 43"" FHD Smart Android TV",TVs and audios,Love it,The product is very clear,5,12-06-2025,Verified Purchase
"Amtec 43L12, 43"" FHD Smart Android TV",TVs and audios,perfect,Clarity,5,11-06-2025,Verified Purchase
"Amtec 43L12, 43"" FHD Smart Android TV",TVs and audios,its working well exactly what i expected,Wifi connection and clear pictures,5,11-06-2025,Verified Purchase
"Amtec 43L12, 43"" FHD Smart Android TV",TVs and audios,Misleading Product Description — Not as Advertised,"I purchased this TV based on the product description, which stated it was an Android TV. However, what I received was entirely different — a sluggish, non-Android operating system with extremely limited functionality. Setting up apps was a nightmare, and several buttons on the remote didn't work at all.

The experience was frustrating and disappointing. I had no choice but to return the product and now have to wait for a refund. This is not what I expected from a supposedly modern smart TV. Strongly urge others to verify product details with the seller before purchasing.",1,09-06-2025,Verified Purchase
"Amtec 43L12, 43"" FHD Smart Android TV",TVs and audios,sounds good,Works well,4,03-06-2025,Verified Purchase
"Amtec 43L12, 43"" FHD Smart Android TV",TVs and audios,i Love it,"Best decision i made was to go for this smart t.v, sound, bluetooth, pictures, youtube!!!i would recommend to anyone...",5,30-05-2025,Verified Purchase
Lyons LST4304W 43”INCH Smart Android Frameless,TVs and audio,smart tv,It's efficiency,5,20-06-2025,Verified Purchase
Lyons LST4304W 43”INCH Smart Android Frameless,TVs and audio,smart tv,It was not 2k hd,3,19-06-2025,Verified Purchase
Lyons LST4304W 43”INCH Smart Android Frameless,TVs and audio,I like it,Works exactly as described,5,19-06-2025,Verified Purchase
Lyons LST4304W 43”INCH Smart Android Frameless,TVs and audio,Received as described,Thank you very much it's super nice,5,19-06-2025,Verified Purchase
Lyons LST4304W 43”INCH Smart Android Frameless,TVs and audio,good product,What I ordered,5,18-06-2025,Verified Purchase
Lyons LST4304W 43”INCH Smart Android Frameless,TVs and audio,affordable????,I just love it,5,18-06-2025,Verified Purchase
Lyons LST4304W 43”INCH Smart Android Frameless,TVs and audio,I like it.,The product met my expectation and the delivery was as scheduled.,5,18-06-2025,Verified Purchase
Lyons LST4304W 43”INCH Smart Android Frameless,TVs and audio,unique,"It's great, amazing product",4,16-06-2025,Verified Purchase
Lyons LST4304W 43”INCH Smart Android Frameless,TVs and audio,i like it,a very good smart TV within budget and great customer service from Jumia,4,13-06-2025,Verified Purchase
Lyons LST4304W 43”INCH Smart Android Frameless,TVs and audio,Not that bad but it's a FHD not 2k as specified,Not that bad but it's a FHD not 2k as specified,3,11-06-2025,Verified Purchase
Sony PS4 PlayStation 4 Pro Console 1TB - Black,gaming,Old machine DON'T Buy,"Scammers they sold an old machine, Don't trust the sellers.",1,02-12-2021,Verified Purchase
Sony PS4 PlayStation 4 Pro Console 1TB - Black,gaming,Love it,Just as i expected ! Quality product !,5,01-05-2020,Verified Purchase
Sony PS4 PlayStation 4 Pro Console 1TB - Black,gaming,Very good,Exemplary performance in 4K,5,20-05-2019,Verified Purchase
Sony PS4 PlayStation 4 Slim Console 500GB - Black,gaming,**,Works well,5,06-08-2024,Verified Purchase
Sony PS4 PlayStation 4 Slim Console 500GB - Black,gaming,Perfect,It's original and long lasting,5,07-02-2023,Verified Purchase
Sony PS4 PlayStation 4 Slim Console 500GB - Black,gaming,Quality,Quality,5,28-12-2021,Verified Purchase
Sony PS4 PlayStation 4 Slim Console 500GB - Black,gaming,Best,It arrived in time and was perfect.Thanks Jumia for your services,5,30-08-2021,Verified Purchase
Sony PS4 PlayStation 4 Slim Console 500GB - Black,gaming,Recommendable,Awesome,5,12-07-2021,Verified Purchase
Sony PS4 PlayStation 4 Slim Console 500GB - Black,gaming,I love it,Perfect condition,5,31-03-2021,Verified Purchase
Sony PS4 PlayStation 4 Slim Console 500GB - Black,gaming,ps4,Impeccable..the product was in pristine condition,5,09-09-2020,Verified Purchase
Sony PS4 PlayStation 4 Slim Console 500GB - Black,gaming,i like it,well delivered and works well no issue so far,5,31-08-2020,Verified Purchase
Sony PS4 PlayStation 4 Slim Console 500GB - Black,gaming,I love it,"Nice ps
For fast delivery
WhatsApp/Call us
0702552592",5,30-07-2020,Verified Purchase
Sony PS4 PlayStation 4 Slim Console 500GB - Black,gaming,Good,Working well,4,23-07-2020,Verified Purchase
Pearl Earrings Hoop Earrings Set Punk Metal Drop Earrings 6 Pairs,fashion,so fake,"Improve on quality,it fades in two days",1,27-12-2024,Verified Purchase
Pearl Earrings Hoop Earrings Set Punk Metal Drop Earrings 6 Pairs,fashion,perfect????????,So beautiful exactly what I needed ????,5,09-12-2024,Verified Purchase
Pearl Earrings Hoop Earrings Set Punk Metal Drop Earrings 6 Pairs,fashion,failed,Pearl like things came already broken.,1,29-11-2024,Verified Purchase
Pearl Earrings Hoop Earrings Set Punk Metal Drop Earrings 6 Pairs,fashion,Earrings,As it is in picture.Very beautiful and good material as compared to the price.,4,19-11-2024,Verified Purchase
Pearl Earrings Hoop Earrings Set Punk Metal Drop Earrings 6 Pairs,fashion,not that good,Very low quality,2,11-10-2024,Verified Purchase
Pearl Earrings Hoop Earrings Set Punk Metal Drop Earrings 6 Pairs,fashion,I like it,I really liked it,5,08-10-2024,Verified Purchase
Pearl Earrings Hoop Earrings Set Punk Metal Drop Earrings 6 Pairs,fashion,I like it,Nice product,4,12-03-2024,Verified Purchase
Pearl Earrings Hoop Earrings Set Punk Metal Drop Earrings 6 Pairs,fashion,I love them,They are just as I expected,5,06-02-2024,Verified Purchase
Pearl Earrings Hoop Earrings Set Punk Metal Drop Earrings 6 Pairs,fashion,I love it,The pieces were more than I expected very good,5,01-02-2024,Verified Purchase
Pearl Earrings Hoop Earrings Set Punk Metal Drop Earrings 6 Pairs,fashion,fades,It faded within two weeks,2,28-12-2023,Verified Purchase
Mika Free Standing Cooker,appliances,Pathetic Product,"No value for money, description and what is delivered does not match, I wouldn’t recommend anyone to waste their money.",1,17-06-2025,Verified Purchase
Mika Free Standing Cooker,appliances,Working well so far,Great Service,5,16-06-2025,Verified Purchase
Mika Free Standing Cooker,appliances,Fast delivery,Fast delivery,5,03-06-2025,Verified Purchase
Mika Free Standing Cooker,appliances,amazing,Easy to operate,5,24-04-2025,Verified Purchase
Mika Free Standing Cooker,appliances,Disappointed and dissatisfied,"For electric plate, you must get an electrician to connect with power source, no plug in. Only one tray not 2 as noted. Basically, low quality. Seems weak too.",1,04-02-2025,Verified Purchase
Mika Free Standing Cooker,appliances,its the best i must say,"It's efficient,I absolutely love it",5,09-12-2024,Verified Purchase
Mika Free Standing Cooker,appliances,I didn't expect this,It does  have the header to insert in the socket.how sure I'm i that I will get a original one with the market flooded with generics,1,28-11-2024,Verified Purchase
Mika Free Standing Cooker,appliances,quality,It is effective and good quality,5,04-11-2024,Verified Purchase
Mika Free Standing Cooker,appliances,performance,"Easy to operate, I love the color",4,23-09-2024,Verified Purchase
Mika Free Standing Cooker,appliances,Good,Chicken rotisserie indicated in the features but not delivered with it.,4,18-09-2024,Verified Purchase
Nunix HD02 Fashion Hair Dryer,health and beauty,It's just fine.,"I don't think it's suitable for heavy duty, but it's ok for personal use. It'll dry your hair nicely but remember it doesn't come with it's guiding comp but looking at the price, you're good to go.",4,12-06-2025,Verified Purchase
Nunix HD02 Fashion Hair Dryer,health and beauty,Hair dryer,Very efficient it dries wet hair very fast,4,17-12-2024,Verified Purchase
Nunix HD02 Fashion Hair Dryer,health and beauty,Not as Powerful,It's okay for drying but not straightening hair,3,01-08-2024,Verified Purchase
Rechargeable Metal Simple Style Hair Clipper,health and beauty,Hair Trimmer machine,clean shave,5,19-06-2025,Verified Purchase
Rechargeable Metal Simple Style Hair Clipper,health and beauty,I like it,The best,5,18-06-2025,Verified Purchase
Rechargeable Metal Simple Style Hair Clipper,health and beauty,I LIKE IT,ITS OWESOME.IS THERE  A  SILENT ONE?,1,19-02-2025,Verified Purchase
Rechargeable Metal Simple Style Hair Clipper,health and beauty,Hair Clipper,"Works well, though the best the blades are not adjustable.",3,17-02-2025,Verified Purchase
Rechargeable Metal Simple Style Hair Clipper,health and beauty,hair clipper,Portable and easy to use.,5,11-02-2025,Verified Purchase
Lenovo Refurbished Thinkpad X250 Intel Core I5,computing,Nice,"Light, can be carried easily and works okay",5,18-06-2025,Verified Purchase
Lenovo Refurbished Thinkpad X250 Intel Core I5,computing,good,Battery ???? last for 2 hrs,5,13-06-2025,Verified Purchase
Lenovo Refurbished Thinkpad X250 Intel Core I5,computing,I like it,"The product was super good however it didn't match storage specifations as advertised it was lower,, disappointed in that however delivery speed was faster",3,13-06-2025,Verified Purchase
Lenovo Refurbished Thinkpad X250 Intel Core I5,computing,speed,Everything is good.,5,12-06-2025,Verified Purchase
Lenovo Refurbished Thinkpad X250 Intel Core I5,computing,I love it,I love it,5,12-06-2025,Verified Purchase
Lenovo Refurbished Thinkpad X250 Intel Core I5,computing,The processor and it’s battery life of 6040mah,"It’s a great Laptop and it’s portable in carrying it anywhere, thanks for speed arrival",5,09-06-2025,Verified Purchase
Lenovo Refurbished Thinkpad X250 Intel Core I5,computing,delivered on time,so far so good.,5,02-05-2025,Verified Purchase
Lenovo Refurbished Thinkpad X250 Intel Core I5,computing,Good and working well,Nice laptop,5,09-04-2025,Verified Purchase
Lenovo Refurbished Thinkpad X250 Intel Core I5,computing,Quality,Its light and a good machine,5,01-04-2025,Verified Purchase
Lenovo Refurbished Thinkpad X250 Intel Core I5,computing,I like it,"It's exactly what I ordered, correct specs and as good as new.So far it's functioning very well.Jumia are legit.",5,27-03-2025,Verified Purchase
